﻿Name,Number,Node_number,Label
21A,0,1,L1
91H,1,2,L2
AATBC,2,3,L3
ABHD11-AS1,3,4,L4
Abhd11os,4,5,L5
AC003681.1,5,6,L6
AC004528.1,6,7,L7
AC005696.4,7,8,L8
AC007388.1,8,9,L9
AC007743.1,9,10,L10
AC008392.1,10,11,L11
AC008691.1,11,12,L12
AC022075.3,12,13,L13
AC022257.1,13,14,L14
AC023590.1,14,15,L15
AC025263.1,15,16,L16
AC025580.1,16,17,L17
AC025580.3,17,18,L18
AC037441.1,18,19,L19
AC062028.1,19,20,L20
AC068282.1,20,21,L21
AC087521.1,21,22,L22
AC090510.3,22,23,L23
AC091891.2,23,24,L24
AC092802.1,24,25,L25
AC100786.1,25,26,L26
AC104809.1,26,27,L27
AC109322.1,27,28,L28
AC125807.2,28,29,L29
AC139887.2,29,30,L30
AC144450.1,30,31,L31
AC245452.1,31,32,L32
ADAMTS9-AS1,32,33,L33
ADAMTS9-AS2,33,34,L34
ADARB2-AS1,34,35,L35
AFAP1-AS1,35,36,L36
AGAP2-AS1,36,37,L37
AIRN,37,38,L38
AL022322.2,38,39,L39
AL031123.2,39,40,L40
AL031595.2,40,41,L41
AL031710.1,41,42,L42
AL121895.1,42,43,L43
AL139011.1,43,44,L44
AL162457.1,44,45,L45
AL357033.4,45,46,L46
AL358334.2,46,47,L47
AL590666.3,47,48,L48
AL627422.2,48,49,L49
AOC4P,49,50,L50
AP002380.1,50,51,L51
APTR,51,52,L52
ASAP1-IT1,52,53,L53
ATB,53,54,L54
ATP6V1G2-DDX39B,54,55,L55
BAALC-AS1,55,56,L56
BACE1-AS,56,57,L57
BAIAP2-AS1,57,58,L58
BALR-2,58,59,L59
BANCR,59,60,L60
BCAR4,60,61,L61
BCYRN1,61,62,L62
BDNF-AS,62,63,L63
BLACAT1,63,64,L64
BOK-AS1,64,65,L65
C14orf132,65,66,L66
C21orf62-AS1,66,67,L67
C5orf66-AS1,67,68,L68
CADM3-AS1,68,69,L69
CAHM,69,70,L70
CASC11,70,71,L71
CASC15,71,72,L72
CASC2,72,73,L73
CASC2c,73,74,L74
CASC8,74,75,L75
CASC9,75,76,L76
CAT104,76,77,L77
CBR3-AS1,77,78,L78
CCAL,78,79,L79
CCAT1,79,80,L80
CCAT2,80,81,L81
CCDC144NL-AS1,81,82,L82
CCDC26,82,83,L83
CCEPR,83,84,L84
CCND1,84,85,L85
CCND2-AS1,85,86,L86
CDKN2B,86,87,L87
CDKN2B-AS1,87,88,L88
CEBPA-AS1,88,89,L89
CERNA2,89,90,L90
CFLAR-AS1,90,91,L91
CHRF,91,92,L92
CLMAT3,92,93,L93
CPS1-IT1,93,94,L94
CRNDE,94,95,L95
CTBP1-AS,95,96,L96
CTD-2574D22.4,96,97,L97
CYTOR,97,98,L98
DANCR,98,99,L99
DAOA-AS1,99,100,L100
DBET,100,101,L101
DBH-AS1,101,102,L102
DCTN1-AS1,102,103,L103
DGCR5,103,104,L104
DISC1,104,105,L105
DISC2,105,106,L106
DLEU1,106,107,L107
DLEU2,107,108,L108
DLG1-AS1,108,109,L109
DLX6-AS1,109,110,L110
DNM3OS,110,111,L111
DPP10-AS1,111,112,L112
DRAIC,112,113,L113
DSCAM-AS1,113,114,L114
DUXAP10,114,115,L115
DUXAP8,115,116,L116
EGFR-AS1,116,117,L117
EgoA,117,118,L118
EGOB,118,119,L119
EGOT,119,120,L120
EMX2OS,120,121,L121
ENST00000537266,121,122,L122
ENTPD1-AS1,122,123,L123
EPB41L4A-AS2,123,124,L124
ERVH48-1,124,125,L125
ESCCAL-5,125,126,L126
EWSAT1,126,127,L127
FALEC,127,128,L128
FAM215A,128,129,L129
FAM3D-AS1,129,130,L130
FAM83H-AS1,130,131,L131
FAS-AS1,131,132,L132
FBXL19-AS1,132,133,L133
FENDRR,133,134,L134
FER1L4,134,135,L135
FEZF1-AS1,135,136,L136
FGF10-AS1,136,137,L137
FGFR3-AS1,137,138,L138
FMR1-AS1,138,139,L139
FMR5,139,140,L140
FMR6,140,141,L141
FOXC2-AS1,141,142,L142
FOXCUT,142,143,L143
FOXD2-AS1,143,144,L144
FOXD3-AS1,144,145,L145
FR0348383,145,146,L146
FTH1P3,146,147,L147
FTX,147,148,L148
GABPB1-AS1,148,149,L149
GACAT2,149,150,L150
GACAT3,150,151,L151
GAPLINC,151,152,L152
GAS5,152,153,L153
GAS5-AS1,153,154,L154
GAS5-family,154,155,L155
GAS8-AS1,155,156,L156
GATA6-AS1,156,157,L157
GClnc1,157,158,L158
GFRA1,158,159,L159
GHET1,159,160,L160
GNAS-AS1,160,161,L161
GPR65,161,162,L162
gtl2-as,162,163,L163
H19,163,164,L164
HAGLR,164,165,L165
HAGLROS,165,166,L166
HAND2-AS1,166,167,L167
HAR1,167,168,L168
HAR1A,168,169,L169
HAR1B,169,170,L170
HAS2-AS1,170,171,L171
HCG11,171,172,L172
HCP5,172,173,L173
HEIH,173,174,L174
HIF1A-AS1,174,175,L175
HIF1A-AS2,175,176,L176
HLA-AS1,176,177,L177
HNF1A-AS1,177,178,L178
HOTAIR,178,179,L179
HOTAIRM1,179,180,L180
HOTTIP,180,181,L181
HOXA-AS2,181,182,L182
HOXA-AS3,182,183,L183
HOXA11,183,184,L184
HOXA11-AS,184,185,L185
HOXA13,185,186,L186
HOXB-AS3,186,187,L187
HTT-AS,187,188,L188
HULC,188,189,L189
IFNG-AS1,189,190,L190
IGF2-AS,190,191,L191
IGF2BP2-AS1,191,192,L192
IGFBP7-AS1,192,193,L193
ILF3-AS1,193,194,L194
INHBA-AS1,194,195,L195
intergenic lncrna(be008094),195,196,L196
intergenic lncrna(be155946),196,197,L197
intergenic lncrna(be702744),197,198,L198
intergenic lncrna(bf736784),198,199,L199
intergenic lncrna(bf754591),199,200,L200
intergenic lncrna(bf918966),200,201,L201
intergenic lncrna(bf944704),201,202,L202
intergenic lncrna(bf956245),202,203,L203
intronic lncrna in arhgap12 locus(be007885),203,204,L204
intronic lncrna in arrb1 locus(bf944729),204,205,L205
intronic lncrna in ascc3 locus(aw937483),205,206,L206
intronic lncrna in atf3 locus(bf875569),206,207,L207
intronic lncrna in c11orf49 locus(aw846670),207,208,L208
intronic lncrna in c16orf46 locus(bf364131),208,209,L209
intronic lncrna in c20orf7 locus(be089575),209,210,L210
intronic lncrna in ctnnd1 locus(bf919473),210,211,L211
intronic lncrna in dazap1 locus(bg010309),211,212,L212
intronic lncrna in dip2b locus(aw852151),212,213,L213
intronic lncrna in dst locus(aw860958),213,214,L214
intronic lncrna in enosf1 locus(bf334142),214,215,L215
intronic lncrna in gldn locus(aw901803),215,216,L216
intronic lncrna in gphn locus(be160464),216,217,L217
intronic lncrna in itpr1 locus(bf857841),217,218,L218
intronic lncrna in lepr locus(ck327186),218,219,L219
intronic lncrna in maea locus(be168993),219,220,L220
intronic lncrna in map2k5 locus(bf893298),220,221,L221
intronic lncrna in mkl1 locus(bf898694),221,222,L222
intronic lncrna in n4bp2l2 locus(bq316935),222,223,L223
intronic lncrna in nbpf10 locus(bg004239),223,224,L224
intronic lncrna in nkain2 locus(be160056),224,225,L225
intronic lncrna in nop58 locus(aw865910),225,226,L226
intronic lncrna in nr2c2 locus(be166370),226,227,L227
intronic lncrna in pask locus(be168353),227,228,L228
intronic lncrna in ppp4r1 locus(be003587),228,229,L229
intronic lncrna in sorbs1 locus(bf368581),229,230,L230
intronic lncrna in stx12 locus(aw820168),230,231,L231
intronic lncrna in tmem189-ube2v1 locus(be062809),231,232,L232
intronic lncrna in tnk2 locus(ck327106),232,233,L233
intronic lncrna in ube2v1 locus(be062809),233,234,L234
intronic lncrna in usp15 locus(bf894929),234,235,L235
IPW,235,236,L236
IRAIN,236,237,L237
ITGB1,237,238,L238
KCNK15-AS1,238,239,L239
KCNQ1DN,239,240,L240
KCNQ1OT1,240,241,L241
KIAA0087,241,242,L242
KMT2E-AS1,242,243,L243
KRTAP5-AS1,243,244,L244
l1pa16,244,245,L245
LBX2-AS1,245,246,L246
LEF1-AS1,246,247,L247
LEIGC,247,248,L248
LET,248,249,L249
LINC-ITGB1,249,250,L250
LINC-ROR,250,251,L251
LINC00052,251,252,L252
LINC00115,252,253,L253
LINC00173,253,254,L254
LINC00176,254,255,L255
LINC00210,255,256,L256
LINC00261,256,257,L257
LINC00271,257,258,L258
LINC00312,258,259,L259
LINC00336,259,260,L260
LINC00339,260,261,L261
LINC00346,261,262,L262
LINC00460,262,263,L263
LINC00461,263,264,L264
LINC00467,264,265,L265
LINC00472,265,266,L266
LINC00473,266,267,L267
LINC00511,267,268,L268
LINC00538,268,269,L269
LINC00572,269,270,L270
LINC00598,270,271,L271
LINC00628,271,272,L272
LINC00668,272,273,L273
LINC00673,273,274,L274
LINC00675,274,275,L275
LINC00689,275,276,L276
LINC00707,276,277,L277
LINC00850,277,278,L278
LINC00858,278,279,L279
LINC0086,279,280,L280
LINC00882,280,281,L281
LINC00887,281,282,L282
LINC00901,282,283,L283
LINC00926,283,284,L284
LINC00941,284,285,L285
LINC00963,285,286,L286
LINC00982,286,287,L287
LINC01013,287,288,L288
LINC01018,288,289,L289
LINC01089,289,290,L290
LINC01104,290,291,L291
LINC01116,291,292,L292
LINC01133,292,293,L293
LINC01138,293,294,L294
LINC01139,294,295,L295
LINC01158,295,296,L296
LINC01186,296,297,L297
LINC01225,297,298,L298
LINC01234,298,299,L299
LINC01262,299,300,L300
LINC01296,300,301,L301
LINC01315,301,302,L302
LINC01419,302,303,L303
LINC01426,303,304,L304
LINC01503,304,305,L305
LINC01616,305,306,L306
LINC01772,306,307,L307
LINC01852,307,308,L308
LINC02041,308,309,L309
LINC02042,309,310,L310
LINC02424,310,311,L311
LINCRNA-p21,311,312,L312
lincRNA-ROR,312,313,L313
LincRNAFEZF1-AS1,313,314,L314
LINP1,314,315,L315
lnc-AL355149.1-1,315,316,L316
lnc-DC,316,317,L317
lnc-EGFR,317,318,L318
lnc-LCE5A-1,318,319,L319
lnc-Sox5,319,320,L320
lnc-ZNF674-1,320,321,L321
lncARSR,321,322,L322
LncRNA ROR,322,323,L323
lncRNA-422,323,324,L324
lncRNA-ATB,324,325,L325
LncRNA-BCAT1,325,326,L326
LncRNA-LALR1,326,327,L327
lncRNA-MVIH,327,328,L328
lncRNA-ROR,328,329,L329
lncRNA625,329,330,L330
lncTCF7,330,331,L331
LOC100130476,331,332,L332
LOC100507661,332,333,L333
LOC109207222,333,334,L334
LOC344887,334,335,L335
LOC440905,335,336,L336
LOC553103,336,337,L337
LOC554202,337,338,L338
LOC730101,338,339,L339
LRRC2-AS1,339,340,L340
LRRC75A-AS1,340,341,L341
LSINCT1,341,342,L342
LSINCT10,342,343,L343
LSINCT11,343,344,L344
LSINCT12,344,345,L345
LSINCT2,345,346,L346
LSINCT3,346,347,L347
LSINCT4,347,348,L348
LSINCT6,348,349,L349
LSINCT7,349,350,L350
LSINCT8,350,351,L351
LSINCT9,351,352,L352
LUADT1,352,353,L353
LUCAT1,353,354,L354
LUNAR1,354,355,L355
MALAT1,355,356,L356
MALAT2,356,357,L357
MALINC1,357,358,L358
MAPT-AS1,358,359,L359
MDC1-AS1,359,360,L360
MEG3,360,361,L361
mer11c,361,362,L362
MESTIT1,362,363,L363
MIAT,363,364,L364
MINCR,364,365,L365
MIR100HG,365,366,L366
MIR155HG,366,367,L367
MIR17HG,367,368,L368
MIR210HG,368,369,L369
MIR22HG,369,370,L370
MIR31HG,370,371,L371
MIR34AHG,371,372,L372
MIR4435-2HG,372,373,L373
MIR503HG,373,374,L374
MIR7-3HG,374,375,L375
MIR7515HG,375,376,L376
MIR99AHG,376,377,L377
MNX1-AS1,377,378,L378
MSR1,378,379,L379
MT-LIPCAR,379,380,L380
MT1JP,380,381,L381
MUC20-OT1,381,382,L382
MVIH,382,383,L383
MYCNOS-01,383,384,L384
MYEF2,384,385,L385
MYLK-AS1,385,386,L386
NAMA,386,387,L387
NBAT1,387,388,L388
NBR2,388,389,L389
NCRUPAR,389,390,L390
NDM29,390,391,L391
NEAT1,391,392,L392
NEAT1_2,392,393,L393
NEXN-AS1,393,394,L394
NKILA,394,395,L395
NNT-AS1,395,396,L396
NONRATT021972,396,397,L397
NORAD,397,398,L398
NOS2,398,399,L399
NPAP1,399,400,L400
NPTN-IT1,400,401,L401
NR2F1-AS1,401,402,L402
NRIR,402,403,L403
NRON,403,404,L404
OIP5-AS1,404,405,L405
OVCH1-AS1,405,406,L406
PACERR,406,407,L407
PAN,407,408,L408
PANDAR,408,409,L409
PAUPAR,409,410,L410
PCA3,410,411,L411
PCAT1,411,412,L412
PCAT14,412,413,L413
PCAT29,413,414,L414
PCAT6,414,415,L415
PCAT7,415,416,L416
PCBP2-OT1,416,417,L417
PCGEM1,417,418,L418
PCNA-AS1,418,419,L419
PEG10,419,420,L420
PHBP1,420,421,L421
PICSAR,421,422,L422
PINCR,422,423,L423
PINK1-AS,423,424,L424
PRAL,424,425,L425
PRINS,425,426,L426
PRNCR1,426,427,L427
PSMD6-AS1,427,428,L428
PTCSC2,428,429,L429
PTCSC3,429,430,L430
PTENP1,430,431,L431
PTPRG-AS1,431,432,L432
PVT1,432,433,L433
RAMP2-AS1,433,434,L434
RBM5-AS1,434,435,L435
RFPL1S,435,436,L436
RMRP,436,437,L437
RMST,437,438,L438
RN7SK,438,439,L439
RN7SL1,439,440,L440
RNY1,440,441,L441
RNY3,441,442,L442
LINC00152,442,443,L443
AB019562,443,444,L444
AB073614,444,445,L445
AB209630,445,446,L446
AC026904.1,446,447,L447
AC138128.1,447,448,L448
ACTN4,448,449,L449
ADPGK-AS1,449,450,L450
aHIF,450,451,L451
AK001058,451,452,L452
AK001796,452,453,L453
AK023948,453,454,L454
AK027294,454,455,L455
AL359062,455,456,L456
ANCR,456,457,L457
ANRASSF1,457,458,L458
ANRIL,458,459,L459
anti-NOS2A,459,460,L460
ARAP1-AS1,460,461,L461
ASB16-AS1,461,462,L462
ASBEL,462,463,L463
AWPPH,463,464,L464
B3GALT5-AS1,464,465,L465
BC029135,465,466,L466
BC032469,466,467,L467
BC040587,467,468,L468
BC200,468,469,L469
BLACAT2,469,470,L470
BM742401,470,471,L471
BOKAS,471,472,L472
BORG,472,473,L473
BRE-AS1,473,474,L474
BX357664,474,475,L475
CACNA1G-AS1,475,476,L476
CACS15,476,477,L477
CADM1-AS1,477,478,L478
CALML3-AS1,478,479,L479
CAR10,479,480,L480
CARLo-5,480,481,L481
CASC19,481,482,L482
CASC21,482,483,L483
CASC7,483,484,L484
CCHE1,484,485,L485
CDKN2BAS,485,486,L486
CHIAP2,486,487,L487
CRYBG3,487,488,L488
CTC-276P9.1,488,489,L489
CUDR,489,490,L490
DARS-AS1,490,491,L491
DCST1-AS1,491,492,L492
DDX11-AS1,492,493,L493
DILC,493,494,L494
DQ786243,494,495,L495
ecCEBPA,495,496,L496
EIF3J-AS1,496,497,L497
ELF3-AS1,497,498,L498
ENST00000434223,498,499,L499
ENST00000457799,499,500,L500
EPEL,500,501,L501
EPIC1,501,502,L502
Erbb4-IR,502,503,L503
EZR-AS1,503,504,L504
FAL1,504,505,L505
FAM201A,505,506,L506
FAM83A-AS1,506,507,L507
FGD5-AS1,507,508,L508
FLJ33360,508,509,L509
FLVCR1-AS1,509,510,L510
FOXF1-AS1,510,511,L511
FOXP4-AS1,511,512,L512
GACAT1,512,513,L513
GAS6-AS1,513,514,L514
GAS6-AS2,514,515,L515
GASL1,515,516,L516
GATA6-AS,516,517,L517
GCRL1,517,518,L518
GIHCG,518,519,L519
GLIS3-AS1,519,520,L520
GMAN,520,521,L521
GPC3-AS1,521,522,L522
HANR,522,523,L523
HCG18,523,524,L524
HCG22,524,525,L525
HIF2PUT,525,526,L526
HIT000218960,526,527,L527
HLA-F-AS1,527,528,L528
HMLINCRNA717,528,529,L529
HMMR-AS1,529,530,L530
HNF1A-AS,530,531,L531
HOST2,531,532,L532
HOXA,532,533,L533
HOXA10-AS,533,534,L534
HOXB13-AS1,534,535,L535
HOXB-AS1,535,536,L536
HOXC13-AS,536,537,L537
HOXC-AS3,537,538,L538
HOXD-AS1,538,539,L539
IGF2AS,539,540,L540
IGFL2-AS1,540,541,L541
INXS,541,542,L542
ITGB2-AS1,542,543,L543
IUR,543,544,L544
JPX,544,545,L545
KIAA0125,545,546,L546
KRT19P3,546,547,L547
KRT7-AS,547,548,L548
KTN1-AS1,548,549,L549
LBCS,549,550,L550
LCAL6,550,551,L551
LIFR-AS1,551,552,L552
LINC00037,552,553,L553
LINC00114,553,554,L554
LINC00160,554,555,L555
LINC00161,555,556,L556
LINC00174,556,557,L557
LINC00221,557,558,L558
LINC00265,558,559,L559
LINC00277,559,560,L560
LINC003121,560,561,L561
LINC00313,561,562,L562
LINC00319,562,563,L563
LINC00324,563,564,L564
LINC00337,564,565,L565
LINC00341,565,566,L566
LINC00355,566,567,L567
LINC00365,567,568,L568
LINC00441,568,569,L569
LINC00462,569,570,L570
LINC00470,570,571,L571
LINC00483,571,572,L572
LINC00504,572,573,L573
LINC00515,573,574,L574
LINC00518,574,575,L575
LINC00520,575,576,L576
LINC00525,576,577,L577
LINC00565,577,578,L578
LINC00612,578,579,L579
LINC00629,579,580,L580
LINC00641,580,581,L581
LINC00657,581,582,L582
LINC00662,582,583,L583
LINC00663,583,584,L584
LINC00665,584,585,L585
LINC00667,585,586,L586
LINC00704,586,587,L587
LINC00857,587,588,L588
LINC00899,588,589,L589
LINC00908,589,590,L590
LINC00958,590,591,L591
LINC00959,591,592,L592
LINC00961,592,593,L593
LINC00968,593,594,L594
LINC00969,594,595,L595
LINC00973,595,596,L596
LINC00974,596,597,L597
LINC00978,597,598,L598
LINC00994,598,599,L599
LINC01006,599,600,L600
LINC01061,600,601,L601
LINC01082,601,602,L602
LINC01088,602,603,L603
LINC01093,603,604,L604
LINC01125,604,605,L605
LINC01140,605,606,L606
LINC01194,606,607,L607
LINC01207,607,608,L608
LINC01287,608,609,L609
LINC01314,609,610,L610
LINC01354,610,611,L611
LINC01410,611,612,L612
LINC01420,612,613,L613
LINC01433,613,614,L614
LINC01436,614,615,L615
LINC01510,615,616,L616
LINC01561,616,617,L617
LINC01614,617,618,L618
LINC01638,618,619,L619
LINC01857,619,620,L620
LINC02418,620,621,L621
LINC-NeD125,621,622,L622
LINC-OIP5,622,623,L623
LINC-PINT,623,624,L624
LINC-POU3F3,624,625,L625
LINC-UBC1,625,626,L626
LINC-UFC1,626,627,L627
LINK-A,627,628,L628
LL22NC03-N64E9.1,628,629,L629
LMCD1-AS1,629,630,L630
lnc01614,630,631,L631
lncAGER,631,632,L632
lnc-ATB,632,633,L633
lncBRM,633,634,L634
lncCAMTA1,634,635,L635
lnc-DILC,635,636,L636
lncGPR107,636,637,L637
lnc-HOST2,637,638,L638
lnc-KCTD6-3,638,639,L639
lnc-OC1,639,640,L640
lncRNA00673,640,641,L641
lncRNA-AK058803,641,642,L642
lncRNA-CIR,642,643,L643
lncRNA-EBIC,643,644,L644
lncRNA-HEIH,644,645,L645
lncRNA-HIT,645,646,L646
lncRNA-LET,646,647,L647
lncRNA-MIF,647,648,L648
lncRNA-NEF,648,649,L649
lncRNA-p21,649,650,L650
lncRNA-PRAL,650,651,L651
lncRNA-UCA1,651,652,L652
lncRNA-URHC,652,653,L653
lncSox4,653,654,L654
lnc-THOR,654,655,L655
lncUSMycN,655,656,L656
LOC146880,656,657,L657
LOC283070,657,658,L658
LOC284454,658,659,L659
LOC285194,659,660,L660
LOC285758,660,661,L661
LOC389332,661,662,L662
LOC441178,662,663,L663
LOXL1-AS1,663,664,L664
LSINCT5,664,665,L665
MACC1-AS1,665,666,L666
MAFG-AS1,666,667,L667
MAGI2-AS3,667,668,L668
MA-LINC1,668,669,L669
MANCR,669,670,L670
MATN1-AS1,670,671,L671
MBNL1-AS1,671,672,L672
MCM3AP-AS1,672,673,L673
MDC1-AS,673,674,L674
MEG8,674,675,L675
MFI2,675,676,L676
MFI2-AS1,676,677,L677
MIF-AS1,677,678,L678
MIR137HG,678,679,L679
miR143HG,679,680,L680
MIR205HG,680,681,L681
MIR4697HG,681,682,L682
MLK7-AS1,682,683,L683
MORT,683,684,L684
MSC-AS1,684,685,L685
MSTO2P,685,686,L686
MYCLo-4,686,687,L687
MYCLo-5,687,688,L688
MYCLo-6,688,689,L689
MYCNOS,689,690,L690
MYOSLID,690,691,L691
MYU,691,692,L692
n340790,692,693,L693
NAG7,693,694,L694
NCK1-AS1,694,695,L695
ncRAN,695,696,L696
NEF,696,697,L697
NR027113,697,698,L698
NR2F2-AS1,698,699,L699
OECC,699,700,L700
OGFRP1,700,701,L701
OR3A4,701,702,L702
OTUD6B-AS1,702,703,L703
pancEts-1,703,704,L704
PANDA,704,705,L705
PAPAS,705,706,L706
PAR5,706,707,L707
PARROT,707,708,L708
PART1,708,709,L709
PARTICLE,709,710,L710
PCAN-R1,710,711,L711
PCAT-1,711,712,L712
PCAT18,712,713,L713
PCAT19,713,714,L714
PCED1B-AS1,714,715,L715
PDIA3P,715,716,L716
PDIA3P1,716,717,L717
PGM5-AS1,717,718,L718
PICART1,718,719,L719
PLAC2,719,720,L720
PlncRNA-1,720,721,L721
POU3F3,721,722,L722
PROX1-AS1,722,723,L723
PSMB8-AS1,723,724,L724
PTAR,724,725,L725
PURPL,725,726,L726
PXN-AS1,726,727,L727
PXN-AS1-L,727,728,L728
RAB11B-AS1,728,729,L729
RAD51-AS1,729,730,L730
RAET1K,730,731,L731
RERT,731,732,L732
RGMB-AS1,732,733,L733
RHPN1-AS1,733,734,L734
RMEL3,734,735,L735
RNCR3,735,736,L736
ROR,736,737,L737
ROR1-AS1,737,738,L738
RP11,738,739,L739
RP11-160H22.5,739,740,L740
RP11-181G12.2,740,741,L741
RP11-334E6.12,741,742,L742
RP11-363E7.4,742,743,L743
RP11-445H22.4,743,744,L744
RP11-552M11.4,744,745,L745
RP11-600K15.1,745,746,L746
RP11-81H3.2,746,747,L747
RP11-838N2.4,747,748,L748
RP11-909N17.3,748,749,L749
RP1-4514.2,749,750,L750
RP5-1024C24.1,750,751,L751
RP5-833A20.1,751,752,L752
RPL34-AS1,752,753,L753
RPPH1,753,754,L754
RPSAP52,754,755,L755
RUNX1-IT1,755,756,L756
SAMMSON,756,757,L757
SATB2-AS1,757,758,L758
SBDSP1,758,759,L759
SBF2-AS1,759,760,L760
SChLAP1,760,761,L761
SDPR-AS,761,762,L762
SEMA3B-AS1,762,763,L763
SFTA1P,763,764,L764
SLC26A4-AS1,764,765,L765
SLCO4A1-AS1,765,766,L766
SlncR1,766,767,L767
SMAD5-AS1,767,768,L768
snaR,768,769,L769
SNHG1,769,770,L770
SNHG11,770,771,L771
SNHG12,771,772,L772
SNHG14,772,773,L773
SNHG15,773,774,L774
SNHG16,774,775,L775
SNHG17,775,776,L776
SNHG18,776,777,L777
SNHG20,777,778,L778
SNHG3,778,779,L779
SNHG4,779,780,L780
SNHG5,780,781,L781
SNHG6,781,782,L782
SNHG7,782,783,L783
SNHG8,783,784,L784
SNHG9,784,785,L785
sONE,785,786,L786
SOX2,786,787,L787
SOX21-AS1,787,788,L788
SOX2OT,788,789,L789
SOX2-OT,789,790,L790
SOX2OTV7,790,791,L791
SPINT1-AS1,791,792,L792
SPRY4-IT1,792,793,L793
SRA,793,794,L794
SRA1,794,795,L795
SRHC,795,796,L796
SSTR5-AS1,796,797,L797
ST3GAL6-AS1,797,798,L798
ST8SIA6-AS1,798,799,L799
SUMO1P3,799,800,L800
SUZ12P1,800,801,L801
TALNEC2,801,802,L802
TATDN1,802,803,L803
TC0101441,803,804,L804
TCL6,804,805,L805
TDRG1,805,806,L806
THOR,806,807,L807
TINCR,807,808,L808
TMPO-AS1,808,809,L809
TNRC6C-AS1,809,810,L810
TOB1-AS1,810,811,L811
TP53TG1,811,812,L812
TP73-AS1,812,813,L813
TPT1-AS1,813,814,L814
TPTE2P1,814,815,L815
TPTEP1,815,816,L816
TRERNA,816,817,L817
TRERNA1,817,818,L818
TRPM2-AS,818,819,L819
TSlnc8,819,820,L820
TTN-AS1,820,821,L821
TTTY15,821,822,L822
TUBA4B,822,823,L823
TUC338,823,824,L824
TUG1,824,825,L825
TUSC7,825,826,L826
TUSC8,826,827,L827
uc.338,827,828,L828
uc001lsz,828,829,L829
uc002mbe.2,829,830,L830
UCA1,830,831,L831
UCC,831,832,L832
UFC1,832,833,L833
UNC5B-AS1,833,834,L834
UPAT,834,835,L835
UPF1,835,836,L836
VPS9D1-AS1,836,837,L837
WDFY3-AS2,837,838,L838
WEE2-AS1,838,839,L839
WT1-AS,839,840,L840
X91348,840,841,L841
XIAP-AS1,841,842,L842
XIST,842,843,L843
XLOC_000303,843,844,L844
XLOC_006390,844,845,L845
XLOC_008466,845,846,L846
XLOC_010235,846,847,L847
XLOC_010588,847,848,L848
YIYA,848,849,L849
Z38,849,850,L850
ZEB1,850,851,L851
ZEB1-AS1,851,852,L852
ZEB2-AS1,852,853,L853
ZFAS1,853,854,L854
ZFPM2-AS1,854,855,L855
ZNF281,855,856,L856
ZNF667-AS1,856,857,L857
ZNFX1-AS1,857,858,L858
ZNRD1-AS1,858,859,L859
ZXF1,859,860,L860
ZXF2,860,861,L861
hsa-let-7,861,1,M1
hsa-let-7a,862,2,M2
hsa-let-7a-1,863,3,M3
hsa-let-7a-2,864,4,M4
hsa-let-7a-3,865,5,M5
hsa-let-7b,866,6,M6
hsa-let-7c,867,7,M7
hsa-let-7d,868,8,M8
hsa-let-7e,869,9,M9
hsa-let-7f,870,10,M10
hsa-let-7f-1,871,11,M11
hsa-let-7f-2,872,12,M12
hsa-let-7g,873,13,M13
hsa-let-7i,874,14,M14
hsa-mir-1,875,15,M15
hsa-mir-1-1,876,16,M16
hsa-mir-1-2,877,17,M17
hsa-mir-100,878,18,M18
hsa-mir-101,879,19,M19
hsa-mir-101-1,880,20,M20
hsa-mir-101-2,881,21,M21
hsa-mir-103,882,22,M22
hsa-mir-103a,883,23,M23
hsa-mir-103a-1,884,24,M24
hsa-mir-103a-2,885,25,M25
hsa-mir-103b-1,886,26,M26
hsa-mir-103b-2,887,27,M27
hsa-mir-105,888,28,M28
hsa-mir-106a,889,29,M29
hsa-mir-106b,890,30,M30
hsa-mir-107,891,31,M31
hsa-mir-10a,892,32,M32
hsa-mir-10b,893,33,M33
hsa-mir-1178,894,34,M34
hsa-mir-1179,895,35,M35
hsa-mir-1182,896,36,M36
hsa-mir-1202,897,37,M37
hsa-mir-1207,898,38,M38
hsa-mir-122,899,39,M39
hsa-mir-1228,900,40,M40
hsa-mir-1231,901,41,M41
hsa-mir-1236,902,42,M42
hsa-mir-124,903,43,M43
hsa-mir-124-1,904,44,M44
hsa-mir-124-2,905,45,M45
hsa-mir-124-3,906,46,M46
hsa-mir-1246,907,47,M47
hsa-mir-1247,908,48,M48
hsa-mir-124a,909,49,M49
hsa-mir-125,910,50,M50
hsa-mir-1254,911,51,M51
hsa-mir-1258,912,52,M52
hsa-mir-125a,913,53,M53
hsa-mir-125b,914,54,M54
hsa-mir-125b-1,915,55,M55
hsa-mir-125b-2,916,56,M56
hsa-mir-126,917,57,M57
hsa-mir-127,918,58,M58
hsa-mir-1271,919,59,M59
hsa-mir-1273g,920,60,M60
hsa-mir-128,921,61,M61
hsa-mir-128-1,922,62,M62
hsa-mir-128-2,923,63,M63
hsa-mir-129,924,64,M64
hsa-mir-129-1,925,65,M65
hsa-mir-1291,926,66,M66
hsa-mir-1296,927,67,M67
hsa-mir-1297,928,68,M68
hsa-mir-1298,929,69,M69
hsa-mir-130,930,70,M70
hsa-mir-1301,931,71,M71
hsa-mir-1303,932,72,M72
hsa-mir-1307,933,73,M73
hsa-mir-130a,934,74,M74
hsa-mir-130b,935,75,M75
hsa-mir-132,936,76,M76
hsa-mir-133,937,77,M77
hsa-mir-133a,938,78,M78
hsa-mir-133a-1,939,79,M79
hsa-mir-133a-2,940,80,M80
hsa-mir-133b,941,81,M81
hsa-mir-134,942,82,M82
hsa-mir-135,943,83,M83
hsa-mir-135a,944,84,M84
hsa-mir-135a-1,945,85,M85
hsa-mir-135a-2,946,86,M86
hsa-mir-135b,947,87,M87
hsa-mir-136,948,88,M88
hsa-mir-137,949,89,M89
hsa-mir-138,950,90,M90
hsa-mir-138-1,951,91,M91
hsa-mir-138-2,952,92,M92
hsa-mir-139,953,93,M93
hsa-mir-140,954,94,M94
hsa-mir-141,955,95,M95
hsa-mir-142,956,96,M96
hsa-mir-143,957,97,M97
hsa-mir-144,958,98,M98
hsa-mir-145,959,99,M99
hsa-mir-146a,960,100,M100
hsa-mir-146b,961,101,M101
hsa-mir-148a,962,102,M102
hsa-mir-148b,963,103,M103
hsa-mir-149,964,104,M104
hsa-mir-150,965,105,M105
hsa-mir-152,966,106,M106
hsa-mir-153,967,107,M107
hsa-mir-153-1,968,108,M108
hsa-mir-153-2,969,109,M109
hsa-mir-154,970,110,M110
hsa-mir-155,971,111,M111
hsa-mir-15a,972,112,M112
hsa-mir-15b,973,113,M113
hsa-mir-16,974,114,M114
hsa-mir-16-1,975,115,M115
hsa-mir-16-2,976,116,M116
hsa-mir-17,977,117,M117
hsa-mir-18,978,118,M118
hsa-mir-181,979,119,M119
hsa-mir-181a,980,120,M120
hsa-mir-181a-2,981,121,M121
hsa-mir-181b,982,122,M122
hsa-mir-181b-1,983,123,M123
hsa-mir-181b-2,984,124,M124
hsa-mir-181c,985,125,M125
hsa-mir-181d,986,126,M126
hsa-mir-182,987,127,M127
hsa-mir-183,988,128,M128
hsa-mir-184,989,129,M129
hsa-mir-185,990,130,M130
hsa-mir-186,991,131,M131
hsa-mir-187,992,132,M132
hsa-mir-188,993,133,M133
hsa-mir-18a,994,134,M134
hsa-mir-18b,995,135,M135
hsa-mir-1908,996,136,M136
hsa-mir-191,997,137,M137
hsa-mir-192,998,138,M138
hsa-mir-193,999,139,M139
hsa-mir-193a,1000,140,M140
hsa-mir-193b,1001,141,M141
hsa-mir-194,1002,142,M142
hsa-mir-194-1,1003,143,M143
hsa-mir-194-2,1004,144,M144
hsa-mir-195,1005,145,M145
hsa-mir-196a,1006,146,M146
hsa-mir-196a-1,1007,147,M147
hsa-mir-196a-2,1008,148,M148
hsa-mir-196b,1009,149,M149
hsa-mir-197,1010,150,M150
hsa-mir-198,1011,151,M151
hsa-mir-199,1012,152,M152
hsa-mir-199a,1013,153,M153
hsa-mir-199a-1,1014,154,M154
hsa-mir-199a-2,1015,155,M155
hsa-mir-199b,1016,156,M156
hsa-mir-19a,1017,157,M157
hsa-mir-19b,1018,158,M158
hsa-mir-19b-1,1019,159,M159
hsa-mir-19b-2,1020,160,M160
hsa-mir-200,1021,161,M161
hsa-mir-200a,1022,162,M162
hsa-mir-200b,1023,163,M163
hsa-mir-200c,1024,164,M164
hsa-mir-202,1025,165,M165
hsa-mir-203,1026,166,M166
hsa-mir-203a,1027,167,M167
hsa-mir-204,1028,168,M168
hsa-mir-205,1029,169,M169
hsa-mir-206,1030,170,M170
hsa-mir-208,1031,171,M171
hsa-mir-208a,1032,172,M172
hsa-mir-208b,1033,173,M173
hsa-mir-20a,1034,174,M174
hsa-mir-20b,1035,175,M175
hsa-mir-21,1036,176,M176
hsa-mir-210,1037,177,M177
hsa-mir-211,1038,178,M178
hsa-mir-212,1039,179,M179
hsa-mir-214,1040,180,M180
hsa-mir-215,1041,181,M181
hsa-mir-216,1042,182,M182
hsa-mir-216a,1043,183,M183
hsa-mir-216b,1044,184,M184
hsa-mir-217,1045,185,M185
hsa-mir-218,1046,186,M186
hsa-mir-218-1,1047,187,M187
hsa-mir-218-2,1048,188,M188
hsa-mir-219,1049,189,M189
hsa-mir-22,1050,190,M190
hsa-mir-221,1051,191,M191
hsa-mir-222,1052,192,M192
hsa-mir-223,1053,193,M193
hsa-mir-224,1054,194,M194
hsa-mir-23a,1055,195,M195
hsa-mir-23b,1056,196,M196
hsa-mir-23c,1057,197,M197
hsa-mir-24,1058,198,M198
hsa-mir-24-1,1059,199,M199
hsa-mir-24-2,1060,200,M200
hsa-mir-25,1061,201,M201
hsa-mir-26a,1062,202,M202
hsa-mir-26a-1,1063,203,M203
hsa-mir-26a-2,1064,204,M204
hsa-mir-26b,1065,205,M205
hsa-mir-27a,1066,206,M206
hsa-mir-27b,1067,207,M207
hsa-mir-28,1068,208,M208
hsa-mir-29,1069,209,M209
hsa-mir-296,1070,210,M210
hsa-mir-297,1071,211,M211
hsa-mir-298,1072,212,M212
hsa-mir-299,1073,213,M213
hsa-mir-29a,1074,214,M214
hsa-mir-29b,1075,215,M215
hsa-mir-29b-1,1076,216,M216
hsa-mir-29b-2,1077,217,M217
hsa-mir-29c,1078,218,M218
hsa-mir-30,1079,219,M219
hsa-mir-300,1080,220,M220
hsa-mir-301a,1081,221,M221
hsa-mir-301b,1082,222,M222
hsa-mir-302,1083,223,M223
hsa-mir-302a,1084,224,M224
hsa-mir-302b,1085,225,M225
hsa-mir-302c,1086,226,M226
hsa-mir-302d,1087,227,M227
hsa-mir-302e,1088,228,M228
hsa-mir-30a,1089,229,M229
hsa-mir-30b,1090,230,M230
hsa-mir-30c,1091,231,M231
hsa-mir-30c-1,1092,232,M232
hsa-mir-30c-2,1093,233,M233
hsa-mir-30d,1094,234,M234
hsa-mir-30e,1095,235,M235
hsa-mir-31,1096,236,M236
hsa-mir-3178,1097,237,M237
hsa-mir-32,1098,238,M238
hsa-mir-320,1099,239,M239
hsa-mir-320a,1100,240,M240
hsa-mir-320b,1101,241,M241
hsa-mir-320c-1,1102,242,M242
hsa-mir-320c-2,1103,243,M243
hsa-mir-320d-1,1104,244,M244
hsa-mir-320d-2,1105,245,M245
hsa-mir-322,1106,246,M246
hsa-mir-323a,1107,247,M247
hsa-mir-324,1108,248,M248
hsa-mir-325,1109,249,M249
hsa-mir-326,1110,250,M250
hsa-mir-328,1111,251,M251
hsa-mir-329,1112,252,M252
hsa-mir-33,1113,253,M253
hsa-mir-330,1114,254,M254
hsa-mir-331,1115,255,M255
hsa-mir-335,1116,256,M256
hsa-mir-338,1117,257,M257
hsa-mir-339,1118,258,M258
hsa-mir-33a,1119,259,M259
hsa-mir-33b,1120,260,M260
hsa-mir-34,1121,261,M261
hsa-mir-340,1122,262,M262
hsa-mir-342,1123,263,M263
hsa-mir-345,1124,264,M264
hsa-mir-346,1125,265,M265
hsa-mir-34a,1126,266,M266
hsa-mir-34b,1127,267,M267
hsa-mir-34c,1128,268,M268
hsa-mir-361,1129,269,M269
hsa-mir-3619,1130,270,M270
hsa-mir-362,1131,271,M271
hsa-mir-363,1132,272,M272
hsa-mir-365,1133,273,M273
hsa-mir-367,1134,274,M274
hsa-mir-370,1135,275,M275
hsa-mir-371,1136,276,M276
hsa-mir-372,1137,277,M277
hsa-mir-373,1138,278,M278
hsa-mir-374a,1139,279,M279
hsa-mir-374b,1140,280,M280
hsa-mir-375,1141,281,M281
hsa-mir-376a,1142,282,M282
hsa-mir-376c,1143,283,M283
hsa-mir-377,1144,284,M284
hsa-mir-378,1145,285,M285
hsa-mir-378a,1146,286,M286
hsa-mir-379,1147,287,M287
hsa-mir-381,1148,288,M288
hsa-mir-382,1149,289,M289
hsa-mir-383,1150,290,M290
hsa-mir-384,1151,291,M291
hsa-mir-409,1152,292,M292
hsa-mir-410,1153,293,M293
hsa-mir-411,1154,294,M294
hsa-mir-421,1155,295,M295
hsa-mir-422a,1156,296,M296
hsa-mir-423,1157,297,M297
hsa-mir-424,1158,298,M298
hsa-mir-4262,1159,299,M299
hsa-mir-429,1160,300,M300
hsa-mir-431,1161,301,M301
hsa-mir-4317,1162,302,M302
hsa-mir-433,1163,303,M303
hsa-mir-4458,1164,304,M304
hsa-mir-448,1165,305,M305
hsa-mir-449a,1166,306,M306
hsa-mir-449b,1167,307,M307
hsa-mir-451,1168,308,M308
hsa-mir-451a,1169,309,M309
hsa-mir-452,1170,310,M310
hsa-mir-454,1171,311,M311
hsa-mir-455,1172,312,M312
hsa-mir-466,1173,313,M313
hsa-mir-4728,1174,314,M314
hsa-mir-483,1175,315,M315
hsa-mir-485,1176,316,M316
hsa-mir-486,1177,317,M317
hsa-mir-487b,1178,318,M318
hsa-mir-488,1179,319,M319
hsa-mir-489,1180,320,M320
hsa-mir-490,1181,321,M321
hsa-mir-491,1182,322,M322
hsa-mir-492,1183,323,M323
hsa-mir-493,1184,324,M324
hsa-mir-494,1185,325,M325
hsa-mir-495,1186,326,M326
hsa-mir-497,1187,327,M327
hsa-mir-498,1188,328,M328
hsa-mir-499,1189,329,M329
hsa-mir-499a,1190,330,M330
hsa-mir-500,1191,331,M331
hsa-mir-500a,1192,332,M332
hsa-mir-501,1193,333,M333
hsa-mir-502,1194,334,M334
hsa-mir-503,1195,335,M335
hsa-mir-504,1196,336,M336
hsa-mir-505,1197,337,M337
hsa-mir-506,1198,338,M338
hsa-mir-507,1199,339,M339
hsa-mir-508,1200,340,M340
hsa-mir-509,1201,341,M341
hsa-mir-511,1202,342,M342
hsa-mir-512,1203,343,M343
hsa-mir-513b,1204,344,M344
hsa-mir-516a-1,1205,345,M345
hsa-mir-516a-2,1206,346,M346
hsa-mir-517a,1207,347,M347
hsa-mir-519,1208,348,M348
hsa-mir-519d,1209,349,M349
hsa-mir-520a,1210,350,M350
hsa-mir-520b,1211,351,M351
hsa-mir-520c,1212,352,M352
hsa-mir-520d,1213,353,M353
hsa-mir-520e,1214,354,M354
hsa-mir-522,1215,355,M355
hsa-mir-524,1216,356,M356
hsa-mir-539,1217,357,M357
hsa-mir-542,1218,358,M358
hsa-mir-543,1219,359,M359
hsa-mir-544a,1220,360,M360
hsa-mir-545,1221,361,M361
hsa-mir-570,1222,362,M362
hsa-mir-574,1223,363,M363
hsa-mir-575,1224,364,M364
hsa-mir-577,1225,365,M365
hsa-mir-582,1226,366,M366
hsa-mir-584,1227,367,M367
hsa-mir-589,1228,368,M368
hsa-mir-590,1229,369,M369
hsa-mir-592,1230,370,M370
hsa-mir-593,1231,371,M371
hsa-mir-599,1232,372,M372
hsa-mir-602,1233,373,M373
hsa-mir-608,1234,374,M374
hsa-mir-610,1235,375,M375
hsa-mir-612,1236,376,M376
hsa-mir-613,1237,377,M377
hsa-mir-615,1238,378,M378
hsa-mir-616,1239,379,M379
hsa-mir-622,1240,380,M380
hsa-mir-625,1241,381,M381
hsa-mir-628,1242,382,M382
hsa-mir-629,1243,383,M383
hsa-mir-630,1244,384,M384
hsa-mir-637,1245,385,M385
hsa-mir-638,1246,386,M386
hsa-mir-639,1247,387,M387
hsa-mir-646,1248,388,M388
hsa-mir-647,1249,389,M389
hsa-mir-650,1250,390,M390
hsa-mir-652,1251,391,M391
hsa-mir-657,1252,392,M392
hsa-mir-661,1253,393,M393
hsa-mir-663,1254,394,M394
hsa-mir-663a,1255,395,M395
hsa-mir-664,1256,396,M396
hsa-mir-665,1257,397,M397
hsa-mir-671,1258,398,M398
hsa-mir-675,1259,399,M399
hsa-mir-6852,1260,400,M400
hsa-mir-7,1261,401,M401
hsa-mir-7-1,1262,402,M402
hsa-mir-7-2,1263,403,M403
hsa-mir-7-3,1264,404,M404
hsa-mir-708,1265,405,M405
hsa-mir-718,1266,406,M406
hsa-mir-720,1267,407,M407
hsa-mir-744,1268,408,M408
hsa-mir-758,1269,409,M409
hsa-mir-760,1270,410,M410
hsa-mir-761,1271,411,M411
hsa-mir-873,1272,412,M412
hsa-mir-874,1273,413,M413
hsa-mir-876,1274,414,M414
hsa-mir-885,1275,415,M415
hsa-mir-9,1276,416,M416
hsa-mir-9-1,1277,417,M417
hsa-mir-9-2,1278,418,M418
hsa-mir-9-3,1279,419,M419
hsa-mir-92-1,1280,420,M420
hsa-mir-922,1281,421,M421
hsa-mir-92a,1282,422,M422
hsa-mir-92a-1,1283,423,M423
hsa-mir-92a-2,1284,424,M424
hsa-mir-92b,1285,425,M425
hsa-mir-93,1286,426,M426
hsa-mir-935,1287,427,M427
hsa-mir-937,1288,428,M428
hsa-mir-939,1289,429,M429
hsa-mir-940,1290,430,M430
hsa-mir-942,1291,431,M431
hsa-mir-944,1292,432,M432
hsa-mir-95,1293,433,M433
hsa-mir-96,1294,434,M434
hsa-mir-98,1295,435,M435
hsa-mir-99a,1296,436,M436
hsa-mir-99b,1297,437,M437
Astrocytoma,1298,1,D1
Neoplasms,1299,2,D2
Uterine Cervical Neoplasms,1300,3,D3
Glioblastoma,1301,4,D4
Neuroblastoma,1302,5,D5
Breast Neoplasms,1303,6,D6
Colorectal Neoplasms,1304,7,D7
Osteosarcoma,1305,8,D8
Urinary Bladder Neoplasms,1306,9,D9
Stomach Neoplasms,1307,10,D10
Lung Neoplasms,1308,11,D11
Ovarian Neoplasms,1309,12,D12
"Carcinoma, Hepatocellular",1310,13,D13
"Telangiectasia, Hereditary Hemorrhagic",1311,14,D14
"Carcinoma, Non-Small-Cell Lung",1312,15,D15
Liver Neoplasms,1313,16,D16
Polycystic Ovary Syndrome,1314,17,D17
Pancreatic Neoplasms,1315,18,D18
Seizures,1316,19,D19
Crohn Disease,1317,20,D20
Heart Failure,1318,21,D21
Nasopharyngeal Carcinoma,1319,22,D22
"Carcinoma, Squamous Cell",1320,23,D23
Heart Diseases,1321,24,D24
Glioma,1322,25,D25
"Carcinoma, Ovarian Epithelial",1323,26,D26
"Carcinoma, Renal Cell",1324,27,D27
"Epilepsy, Temporal Lobe",1325,28,D28
Cholangiocarcinoma,1326,29,D29
Esophageal Squamous Cell Carcinoma,1327,30,D30
Gallbladder Neoplasms,1328,31,D31
Adenocarcinoma of Lung,1329,32,D32
Thyroid Neoplasms,1330,33,D33
Wilms Tumor,1331,34,D34
"Thyroid Cancer, Papillary",1332,35,D35
Fragile X Syndrome,1333,36,D36
Nervous System Diseases,1334,37,D37
Intervertebral Disc Degeneration,1335,38,D38
Colonic Neoplasms,1336,39,D39
Liver Cirrhosis,1337,40,D40
Keloid,1338,41,D41
Prostatic Neoplasms,1339,42,D42
"Cardiomyopathy, Dilated",1340,43,D43
"Cardiomyopathy, Hypertrophic",1341,44,D44
Alzheimer Disease,1342,45,D45
"Myositis, Inclusion Body",1343,46,D46
Precursor Cell Lymphoblastic Leukemia-Lymphoma,1344,47,D47
Eosinophilic Esophagitis,1345,48,D48
Gastrointestinal Neoplasms,1346,49,D49
Melanoma,1347,50,D50
Retinoblastoma,1348,51,D51
Chondrosarcoma,1349,52,D52
Aging,1350,53,D53
Esophageal Neoplasms,1351,54,D54
Parotid Neoplasms,1352,55,D55
Tongue Neoplasms,1353,56,D56
Depression,1354,57,D57
Huntington Disease,1355,58,D58
Mental Disorders,1356,59,D59
Obesity,1357,60,D60
Schizophrenia,1358,61,D61
Testicular Neoplasms,1359,62,D62
Squamous Cell Carcinoma of Head and Neck,1360,63,D63
"Carcinoma, Basal Cell",1361,64,D64
Endometrial Neoplasms,1362,65,D65
Carcinoma,1363,66,D66
Inflammatory Bowel Diseases,1364,67,D67
Prostate,1365,68,D68
"Leukemia, Myeloid, Acute",1366,69,D69
Medulloblastoma,1367,70,D70
Multiple Myeloma,1368,71,D71
Pituitary Neoplasms,1369,72,D72
Cardiomegaly,1370,73,D73
Gastrointestinal Stromal Tumors,1371,74,D74
Hematologic Neoplasms,1372,75,D75
Coronary Artery Disease,1373,76,D76
"Aortic Aneurysm, Abdominal",1374,77,D77
Aortic Aneurysm,1375,78,D78
Atherosclerosis,1376,79,D79
Cardiovascular Diseases,1377,80,D80
Carotid Stenosis,1378,81,D81
Diabetes Mellitus,1379,82,D82
Endometriosis,1380,83,D83
Frailty,1381,84,D84
Glaucoma,1382,85,D85
Hypertension,1383,86,D86
Intracranial Aneurysm,1384,87,D87
Leukemia,1385,88,D88
Mouth Neoplasms,1386,89,D89
Primary Myelofibrosis,1387,90,D90
Myocardial Infarction,1388,91,D91
"Neoplasms, Nerve Tissue",1389,92,D92
Neurofibromatoses,1390,93,D93
Neurofibromatosis 1,1391,94,D94
Periodontitis,1392,95,D95
Peripheral Arterial Disease,1393,96,D96
"Neurofibroma, Plexiform",1394,97,D97
"Glaucoma, Open-Angle",1395,98,D98
Prostatic Hyperplasia,1396,99,D99
Stroke,1397,100,D100
Triple Negative Breast Neoplasms,1398,101,D101
"Diabetes Mellitus, Type 2",1399,102,D102
Silicosis,1400,103,D103
"Leukemia, Lymphocytic, Chronic, B-Cell",1401,104,D104
Hepatoblastoma,1402,105,D105
Osteoarthritis,1403,106,D106
Bone Diseases,1404,107,D107
Brain Neoplasms,1405,108,D108
Bipolar Disorder,1406,109,D109
Panic Disorder,1407,110,D110
"Muscular Dystrophy, Duchenne",1408,111,D111
"Muscular Dystrophy, Facioscapulohumeral",1409,112,D112
DiGeorge Syndrome,1410,113,D113
Autism Spectrum Disorder,1411,114,D114
"Depressive Disorder, Major",1412,115,D115
Mood Disorders,1413,116,D116
Psychotic Disorders,1414,117,D117
Laryngeal Neoplasms,1415,118,D118
"Leukemia, Lymphoid",1416,119,D119
Lymphoma,1417,120,D120
Kidney Neoplasms,1418,121,D121
"Sarcoma, Ewing",1419,122,D122
Pharyngeal Neoplasms,1420,123,D123
Ataxia Telangiectasia,1421,124,D124
"Lymphoma, Non-Hodgkin",1422,125,D125
"Arthritis, Rheumatoid",1423,126,D126
"Pulmonary Disease, Chronic Obstructive",1424,127,D127
"Heart Septal Defects, Ventricular",1425,128,D128
Neurodevelopmental Disorders,1426,129,D129
Pterygium,1427,130,D130
"Colitis, Ulcerative",1428,131,D131
"Lymphoma, B-Cell",1429,132,D132
"Lymphoma, Mantle-Cell",1430,133,D133
"Leukemia, T-Cell",1431,134,D134
Hirschsprung Disease,1432,135,D135
Nasal Polyps,1433,136,D136
Pheochromocytoma,1434,137,D137
Adenocarcinoma,1435,138,D138
Adrenocortical Carcinoma,1436,139,D139
Beckwith-Wiedemann Syndrome,1437,140,D140
Central Nervous System Diseases,1438,141,D141
Choriocarcinoma,1439,142,D142
"Leukemia, Myelogenous, Chronic, BCR-ABL Positive",1440,143,D143
Congenital Hyperinsulinism,1441,144,D144
Diabetic Cardiomyopathies,1442,145,D145
"Carcinoma, Embryonal",1443,146,D146
"Neoplasms, Germ Cell and Embryonal",1444,147,D147
Gestational Trophoblastic Disease,1445,148,D148
"Heart Defects, Congenital",1446,149,D149
Hematopoiesis,1447,150,D150
Hydatidiform Mole,1448,151,D151
Hyperhomocysteinemia,1449,152,D152
Hyperprolactinemia,1450,153,D153
Infertility,1451,154,D154
Marek Disease,1452,155,D155
Meningioma,1453,156,D156
Neural Tube Defects,1454,157,D157
Parkinson Disease,1455,158,D158
Pneumoconiosis,1456,159,D159
Polycythemia Vera,1457,160,D160
Prader-Willi Syndrome,1458,161,D161
Pre-Eclampsia,1459,162,D162
Silver-Russell Syndrome,1460,163,D163
Trophoblastic Neoplasms,1461,164,D164
Acquired Immunodeficiency Syndrome,1462,165,D165
"Adenocarcinoma, Follicular",1463,166,D166
"Aortic Aneurysm, Thoracic",1464,167,D167
Liver Diseases,1465,168,D168
Multiple Sclerosis,1466,169,D169
Psoriasis,1467,170,D170
Asthenozoospermia,1468,171,D171
Cerebrovascular Disorders,1469,172,D172
"Lymphoma, Large B-Cell, Diffuse",1470,173,D173
Ependymoma,1471,174,D174
Hepatitis C,1472,175,D175
Lemierre Syndrome,1473,176,D176
Sarcoma,1474,177,D177
"Leukemia, Promyelocytic, Acute",1475,178,D178
Small Cell Lung Carcinoma,1476,179,D179
"Thyroiditis, Autoimmune",1477,180,D180
Sjogren's Syndrome,1478,181,D181
"Diabetes Mellitus, Type 1",1479,182,D182
"Carcinoma, Mucoepidermoid",1480,183,D183
Non-alcoholic Fatty Liver Disease,1481,184,D184
Chordoma,1482,185,D185
"Leukemia-Lymphoma, Adult T-Cell",1483,186,D186
"Leukemia, Monocytic, Acute",1484,187,D187
Amyotrophic Lateral Sclerosis,1485,188,D188
Congenital Microtia,1486,189,D189
Diabetic Nephropathies,1487,190,D190
"Sarcoma, Endometrial Stromal",1488,191,D191
Fatty Liver,1489,192,D192
Fibroma,1490,193,D193
Fibrosarcoma,1491,194,D194
Flavivirus Infections,1492,195,D195
Hemangioma,1493,196,D196
HIV,1494,197,D197
Hyperglycemia,1495,198,D198
Klatskin Tumor,1496,199,D199
Lymphatic Metastasis,1497,200,D200
Familial Primary Pulmonary Hypertension,1498,201,D201
"Vitreoretinopathy, Proliferative",1499,202,D202
Retinal Degeneration,1500,203,D203
"Lupus Erythematosus, Systemic",1501,204,D204
Uterine Neoplasms,1502,205,D205
Heroin Dependence,1503,206,D206
Metabolic Syndrome,1504,207,D207
Myelodysplastic Syndromes,1505,208,D208
"Carcinoma, Islet Cell",1506,209,D209
"Purpura, Thrombotic Thrombocytopenic",1507,210,D210
Diabetic Retinopathy,1508,211,D211
Substance-Related Disorders,1509,212,D212
Burkitt Lymphoma,1510,213,D213
"Leukemia, Megakaryoblastic, Acute",1511,214,D214
"Leukemia, Myeloid",1512,215,D215
Myopia,1513,216,D216
Syndrome,1514,217,D217
Rhabdomyosarcoma,1515,218,D218
Dengue,1516,219,D219
Frontotemporal Dementia,1517,220,D220
Kidney Diseases,1518,221,D221
"Multiple Sclerosis, Relapsing-Remitting",1519,222,D222
Neoplasm Metastasis,1520,223,D223
Chronic Pain,1521,224,D224
Myocardial Reperfusion Injury,1522,225,D225
Angelman Syndrome,1523,226,D226
Down Syndrome,1524,227,D227
"Sarcoma, Kaposi",1525,228,D228
Tumor Suppressor Protein p53,1526,229,D229
Narcolepsy,1527,230,D230
Glucose Metabolism Disorders,1528,231,D231
Asthma,1529,232,D232
Cleft Lip,1530,233,D233
Plasmacytoma,1531,234,D234
Leishmaniasis,1532,235,D235
Nasopharyngeal Neoplasms,1533,236,D236
"Carcinoma, Adenoid Cystic",1534,237,D237
Pancreatic Intraductal Neoplasms,1535,238,D238
"Lymphoma, Large-Cell, Immunoblastic",1536,239,D239
Hodgkin Disease,1537,240,D240
"Thyroid Carcinoma, Anaplastic",1538,241,D241
Rectal Neoplasms,1539,242,D242
"Leukemia, Myelomonocytic, Chronic",1540,243,D243
Growth Hormone-Secreting Pituitary Adenoma,1541,244,D244
Cardiomyopathies,1542,245,D245
Bone Neoplasms,1543,246,D246
Parathyroid Neoplasms,1544,247,D247
Bile Duct Neoplasms,1545,248,D248
"Rhabdomyosarcoma, Embryonal",1546,249,D249
"Lymphoma, Large-Cell, Anaplastic",1547,250,D250
Teratocarcinoma,1548,251,D251
Precursor T-Cell Lymphoblastic Leukemia-Lymphoma,1549,252,D252
Oligodendroglioma,1550,253,D253
Precursor B-Cell Lymphoblastic Leukemia-Lymphoma,1551,254,D254
"Leukemia, B-Cell",1552,255,D255
Myotonic Dystrophy,1553,256,D256
"Supranuclear Palsy, Progressive",1554,257,D257
Musculoskeletal Abnormalities,1555,258,D258
Hepatitis B,1556,259,D259
Reperfusion Injury,1557,260,D260
Sepsis,1558,261,D261
"Hypertension, Pulmonary",1559,262,D262
Atrial Fibrillation,1560,263,D263
Acute Kidney Injury,1561,264,D264
Tuberculosis,1562,265,D265
Immunologic Deficiency Syndromes,1563,266,D266
Inflammation,1564,267,D267
Hypertrophy,1565,268,D268
Gout,1566,269,D269
Spinal Cord Injuries,1567,270,D270
Tourette Syndrome,1568,271,D271
Carotid Artery Diseases,1569,272,D272
Immune System Diseases,1570,273,D273
Encephalomyelitis,1571,274,D274
Aneurysm,1572,275,D275
Graft vs Host Disease,1573,276,D276
Chemical and Drug Induced Liver Injury,1574,277,D277
Ischemia,1575,278,D278
Inferior Wall Myocardial Infarction,1576,279,D279
"Carcinoma, Pancreatic Ductal",1577,280,D280
Brain Ischemia,1578,281,D281
Acute Lung Injury,1579,282,D282
Macular Degeneration,1580,283,D283
Epilepsy,1581,284,D284
Vascular System Injuries,1582,285,D285
Infection,1583,286,D286
Listeriosis,1584,287,D287
Colitis,1585,288,D288
"Hepatitis, Alcoholic",1586,289,D289
Leiomyosarcoma,1587,290,D290
"Leukemia, Erythroblastic, Acute",1588,291,D291
Staphylococcal Scalded Skin Syndrome,1589,292,D292
"Hearing Loss, Central",1590,293,D293
Brain Diseases,1591,294,D294
"Hepatitis B, Chronic",1592,295,D295
Fanconi Anemia,1593,296,D296
"Arthritis, Juvenile",1594,297,D297
"Cytotoxicity Tests, Immunologic",1595,298,D298
"Neovascularization, Pathologic",1596,299,D299
"Cicatrix, Hypertrophic",1597,300,D300
Wound Healing,1598,301,D301
"Influenza, Human",1599,302,D302
Cholesteatoma,1600,303,D303
Pulmonary Fibrosis,1601,304,D304
Leiomyoma,1602,305,D305
Liver Failure,1603,306,D306
Hearing Loss,1604,307,D307
Neuralgia,1605,308,D308
Arthritis,1606,309,D309
Neurodegenerative Diseases,1607,310,D310
"Malaria, Cerebral",1608,311,D311
"Hernia, Diaphragmatic",1609,312,D312
Retinal Neovascularization,1610,313,D313
Adenoviridae Infections,1611,314,D314
Adrenal Cortex Neoplasms,1612,315,D315
"Carcinoma, Skin Appendage",1613,316,D316
Head and Neck Neoplasms,1614,317,D317
"Lymphoma, T-Cell, Cutaneous",1615,318,D318
Hypoxia,1616,319,D319
Muscular Atrophy,1617,320,D320
Endomyocardial Fibrosis,1618,321,D321
Lupus Nephritis,1619,322,D322
Biliary Tract Neoplasms,1620,323,D323
"Ischemic Attack, Transient",1621,324,D324
Idiopathic Pulmonary Fibrosis,1622,325,D325
"Corneal Dystrophies, Hereditary",1623,326,D326
Hypersensitivity,1624,327,D327
"Fatty Liver, Alcoholic",1625,328,D328
Osteonecrosis,1626,329,D329
Lung Injury,1627,330,D330
Cataract,1628,331,D331
Polycystic Kidney Diseases,1629,332,D332
"Arrhythmias, Cardiac",1630,333,D333
Barrett Esophagus,1631,334,D334
HIV Infections,1632,335,D335
"Arthritis, Psoriatic",1633,336,D336
Dementia,1634,337,D337
"Mastocytosis, Systemic",1635,338,D338
"Carcinoma, Endometrioid",1636,339,D339
Muscular Dystrophies,1637,340,D340
Leprosy,1638,341,D341
Aortic Valve Stenosis,1639,342,D342
Liposarcoma,1640,343,D343
Demyelinating Diseases,1641,344,D344
Cryptosporidiosis,1642,345,D345
Peripheral Nerve Injuries,1643,346,D346
Wounds and Injuries,1644,347,D347
Arbovirus Infections,1645,348,D348
Hemangiosarcoma,1646,349,D349
"Carcinoma, Merkel Cell",1647,350,D350
"Lymphoma, Extranodal NK-T-Cell",1648,351,D351
Aortic Valve Insufficiency,1649,352,D352
Bronchopulmonary Dysplasia,1650,353,D353
Muscular Diseases,1651,354,D354
Neurilemmoma,1652,355,D355
Pain,1653,356,D356
"Lymphoma, T-Cell",1654,357,D357
Keratitis,1655,358,D358
Biliary Atresia,1656,359,D359
Dermatomyositis,1657,360,D360
"Pancreatitis, Acute Necrotizing",1658,361,D361
Granulosa Cell Tumor,1659,362,D362
"Encephalitis Viruses, Japanese",1660,363,D363
Giant Cell Tumor of Bone,1661,364,D364
Pneumonia,1662,365,D365
"Anemia, Aplastic",1663,366,D366
Enterovirus Infections,1664,367,D367
Myocardial Ischemia,1665,368,D368
"Scleroderma, Systemic",1666,369,D369
Metabolic Diseases,1667,370,D370
Mitochondrial Diseases,1668,371,D371
"Rhinitis, Allergic",1669,372,D372
"Diabetes, Gestational",1670,373,D373
"Glomerulonephritis, IGA",1671,374,D374
Graves Disease,1672,375,D375
"Spondylitis, Ankylosing",1673,376,D376
Arteriosclerosis Obliterans,1674,377,D377
"Angina, Unstable",1675,378,D378
"Myasthenic Syndromes, Congenital",1676,379,D379
"Hepatitis C, Chronic",1677,380,D380
Myxoma,1678,381,D381
Follicular Atresia,1679,382,D382
Oral Submucous Fibrosis,1680,383,D383
Pregnancy Complications,1681,384,D384
Osteomyelitis,1682,385,D385
Bronchiolitis Obliterans,1683,386,D386
Osteoporosis,1684,387,D387
Iron Metabolism Disorders,1685,388,D388
"Carcinoma, Signet Ring Cell",1686,389,D389
"Dermatitis, Atopic",1687,390,D390
"Liposarcoma, Myxoid",1688,391,D391
"Glomerulosclerosis, Focal Segmental",1689,392,D392
Papillomaviridae,1690,393,D393
"Osteoarthritis, Knee",1691,394,D394
"Abortion, Spontaneous",1692,395,D395
Cardio-Renal Syndrome,1693,396,D396
Cartilage Diseases,1694,397,D397
"Ectodermal Dysplasia 1, Anhidrotic",1695,398,D398
"Respiratory Distress Syndrome, Adult",1696,399,D399
Legg-Calve-Perthes Disease,1697,400,D400
Diabetic Angiopathies,1698,401,D401
Myocarditis,1699,402,D402
Angiomyolipoma,1700,403,D403
Coronavirus Infections,1701,404,D404
Lymphocytic Choriomeningitis,1702,405,D405
White spot syndrome virus 1,1703,406,D406
Congenital Hypothyroidism,1704,407,D407
Lichen Planus,1705,408,D408
Ocular Motility Disorders,1706,409,D409
Skin Diseases,1707,410,D410
Mucocutaneous Lymph Node Syndrome,1708,411,D411
Cerebral Hemorrhage,1709,412,D412
"Infertility, Male",1710,413,D413
"Kidney Failure, Chronic",1711,414,D414
Pulmonary Embolism,1712,415,D415
Thrombosis,1713,416,D416
Venous Thromboembolism,1714,417,D417
Diarrhea,1715,418,D418
Waldenstrom Macroglobulinemia,1716,419,D419
Autoimmune Lymphoproliferative Syndrome,1717,420,D420
"Hypoxia-Ischemia, Brain",1718,421,D421
Cystic Fibrosis,1719,422,D422
Tauopathies,1720,423,D423
Depressive Disorder,1721,424,D424
Graves Ophthalmopathy,1722,425,D425
Hyperaldosteronism,1723,426,D426
Burns,1724,427,D427
Vulvar Neoplasms,1725,428,D428
Periodontal Diseases,1726,429,D429
Peritoneal Fibrosis,1727,430,D430
Gliosis,1728,431,D431
Emphysema,1729,432,D432
