﻿Name,Number,Label,Label_number
Leukemia,1385,D88,88
"Leukemia, Lymphocytic, Chronic, B-Cell",1401,D104,104
Breast Neoplasms,1303,D6,6
Lung Neoplasms,1308,D11,11
Ovarian Neoplasms,1309,D12,12
Urinary Bladder Neoplasms,1306,D9,9
"Carcinoma, Hepatocellular",1310,D13,13
Precursor B-Cell Lymphoblastic Leukemia-Lymphoma,1551,D254,254
Lymphoma,1417,D120,120
"Leukemia, B-Cell",1552,D255,255
Pituitary Neoplasms,1369,D72,72
Hematologic Neoplasms,1372,D75,75
"Lymphoma, Mantle-Cell",1430,D133,133
Multiple Myeloma,1368,D71,71
Prostatic Neoplasms,1339,D42,42
Alzheimer Disease,1342,D45,45
Neoplasms,1299,D2,2
"Leukemia, Myeloid, Acute",1366,D69,69
Stomach Neoplasms,1307,D10,10
Myotonic Dystrophy,1553,D256,256
Medulloblastoma,1367,D70,70
"Supranuclear Palsy, Progressive",1554,D257,257
Myelodysplastic Syndromes,1505,D208,208
Musculoskeletal Abnormalities,1555,D258,258
Hypertension,1383,D86,86
Pancreatic Neoplasms,1315,D18,18
"Carcinoma, Non-Small-Cell Lung",1312,D15,15
Thyroid Neoplasms,1330,D33,33
Kidney Diseases,1518,D221,221
Hepatitis B,1556,D259,259
"Arthritis, Rheumatoid",1423,D126,126
Glioma,1322,D25,25
"Muscular Dystrophy, Duchenne",1408,D111,111
Melanoma,1347,D50,50
Endometrial Neoplasms,1362,D65,65
Colonic Neoplasms,1336,D39,39
Cholangiocarcinoma,1326,D29,29
Heart Diseases,1321,D24,24
Osteosarcoma,1305,D8,8
Reperfusion Injury,1557,D260,260
Sepsis,1558,D261,261
Amyotrophic Lateral Sclerosis,1485,D188,188
"Hypertension, Pulmonary",1559,D262,262
Hepatoblastoma,1402,D105,105
Atrial Fibrillation,1560,D263,263
Esophageal Neoplasms,1351,D54,54
Diabetes Mellitus,1379,D82,82
Familial Primary Pulmonary Hypertension,1498,D201,201
Myocardial Infarction,1388,D91,91
"Lymphoma, B-Cell",1429,D132,132
Acute Kidney Injury,1561,D264,264
Tuberculosis,1562,D265,265
Immunologic Deficiency Syndromes,1563,D266,266
Inflammation,1564,D267,267
Hypertrophy,1565,D268,268
Colorectal Neoplasms,1304,D7,7
Parkinson Disease,1455,D158,158
Uterine Cervical Neoplasms,1300,D3,3
"Carcinoma, Renal Cell",1324,D27,27
Obesity,1357,D60,60
"Carcinoma, Embryonal",1443,D146,146
Glioblastoma,1301,D4,4
Autism Spectrum Disorder,1411,D114,114
Rhabdomyosarcoma,1515,D218,218
Diabetic Retinopathy,1508,D211,211
Pterygium,1427,D130,130
"Sarcoma, Kaposi",1525,D228,228
Gout,1566,D269,269
Spinal Cord Injuries,1567,D270,270
"Leukemia, Promyelocytic, Acute",1475,D178,178
Heart Failure,1318,D21,21
Tourette Syndrome,1568,D271,271
Carotid Artery Diseases,1569,D272,272
Asthma,1529,D232,232
Neuroblastoma,1302,D5,5
Hepatitis C,1472,D175,175
Precursor T-Cell Lymphoblastic Leukemia-Lymphoma,1549,D252,252
Immune System Diseases,1570,D273,273
Multiple Sclerosis,1466,D169,169
Encephalomyelitis,1571,D274,274
Myocardial Reperfusion Injury,1522,D225,225
Atherosclerosis,1376,D79,79
Aneurysm,1572,D275,275
Precursor Cell Lymphoblastic Leukemia-Lymphoma,1344,D47,47
"Leukemia, Myelogenous, Chronic, BCR-ABL Positive",1440,D143,143
Diabetic Cardiomyopathies,1442,D145,145
Liver Cirrhosis,1337,D40,40
Graft vs Host Disease,1573,D276,276
Chemical and Drug Induced Liver Injury,1574,D277,277
Ischemia,1575,D278,278
Non-alcoholic Fatty Liver Disease,1481,D184,184
Stroke,1397,D100,100
Inferior Wall Myocardial Infarction,1576,D279,279
Nervous System Diseases,1334,D37,37
"Carcinoma, Pancreatic Ductal",1577,D280,280
Choriocarcinoma,1439,D142,142
Brain Ischemia,1578,D281,281
Intervertebral Disc Degeneration,1335,D38,38
Acute Lung Injury,1579,D282,282
Triple Negative Breast Neoplasms,1398,D101,101
Macular Degeneration,1580,D283,283
Epilepsy,1581,D284,284
Vascular System Injuries,1582,D285,285
Infection,1583,D286,286
Listeriosis,1584,D287,287
Colitis,1585,D288,288
"Hepatitis, Alcoholic",1586,D289,289
"Carcinoma, Squamous Cell",1320,D23,23
Leiomyosarcoma,1587,D290,290
Burkitt Lymphoma,1510,D213,213
"Leukemia, Erythroblastic, Acute",1588,D291,291
Retinoblastoma,1348,D51,51
Staphylococcal Scalded Skin Syndrome,1589,D292,292
"Lupus Erythematosus, Systemic",1501,D204,204
Gastrointestinal Stromal Tumors,1371,D74,74
Nasopharyngeal Neoplasms,1533,D236,236
Cardiomegaly,1370,D73,73
Mouth Neoplasms,1386,D89,89
"Hearing Loss, Central",1590,D293,293
Brain Diseases,1591,D294,294
"Hepatitis B, Chronic",1592,D295,295
Laryngeal Neoplasms,1415,D118,118
"Diabetes Mellitus, Type 2",1399,D102,102
Fanconi Anemia,1593,D296,296
Kidney Neoplasms,1418,D121,121
"Arthritis, Juvenile",1594,D297,297
"Cytotoxicity Tests, Immunologic",1595,D298,298
"Neovascularization, Pathologic",1596,D299,299
"Cicatrix, Hypertrophic",1597,D300,300
Osteoarthritis,1403,D106,106
Wound Healing,1598,D301,301
"Influenza, Human",1599,D302,302
Cholesteatoma,1600,D303,303
Pulmonary Fibrosis,1601,D304,304
Leiomyoma,1602,D305,305
Liver Failure,1603,D306,306
Hearing Loss,1604,D307,307
Liver Neoplasms,1313,D16,16
Cardiovascular Diseases,1377,D80,80
"Sarcoma, Ewing",1419,D122,122
Neuralgia,1605,D308,308
Arthritis,1606,D309,309
Neurodegenerative Diseases,1607,D310,310
"Malaria, Cerebral",1608,D311,311
"Hernia, Diaphragmatic",1609,D312,312
Retinal Neovascularization,1610,D313,313
Adenoviridae Infections,1611,D314,314
Gallbladder Neoplasms,1328,D31,31
Sarcoma,1474,D177,177
Diabetic Nephropathies,1487,D190,190
Astrocytoma,1298,D1,1
"Cardiomyopathy, Hypertrophic",1341,D44,44
Adrenal Cortex Neoplasms,1612,D315,315
"Carcinoma, Skin Appendage",1613,D316,316
Head and Neck Neoplasms,1614,D317,317
"Lymphoma, Non-Hodgkin",1422,D125,125
"Lymphoma, T-Cell, Cutaneous",1615,D318,318
Hypoxia,1616,D319,319
Endometriosis,1380,D83,83
"Lymphoma, Large B-Cell, Diffuse",1470,D173,173
Liver Diseases,1465,D168,168
"Carcinoma, Adenoid Cystic",1534,D237,237
Muscular Atrophy,1617,D320,320
Endomyocardial Fibrosis,1618,D321,321
Lupus Nephritis,1619,D322,322
Schizophrenia,1358,D61,61
Biliary Tract Neoplasms,1620,D323,323
Chronic Pain,1521,D224,224
"Ischemic Attack, Transient",1621,D324,324
Idiopathic Pulmonary Fibrosis,1622,D325,325
"Pulmonary Disease, Chronic Obstructive",1424,D127,127
Testicular Neoplasms,1359,D62,62
Hodgkin Disease,1537,D240,240
"Corneal Dystrophies, Hereditary",1623,D326,326
Hypersensitivity,1624,D327,327
Glaucoma,1382,D85,85
Coronary Artery Disease,1373,D76,76
"Fatty Liver, Alcoholic",1625,D328,328
Retinal Degeneration,1500,D203,203
Inflammatory Bowel Diseases,1364,D67,67
Osteonecrosis,1626,D329,329
Lung Injury,1627,D330,330
Chordoma,1482,D185,185
Wilms Tumor,1331,D34,34
Cataract,1628,D331,331
Polycystic Kidney Diseases,1629,D332,332
Brain Neoplasms,1405,D108,108
"Arrhythmias, Cardiac",1630,D333,333
Marek Disease,1452,D155,155
Barrett Esophagus,1631,D334,334
HIV Infections,1632,D335,335
"Arthritis, Psoriatic",1633,D336,336
Gastrointestinal Neoplasms,1346,D49,49
Pre-Eclampsia,1459,D162,162
Dementia,1634,D337,337
"Mastocytosis, Systemic",1635,D338,338
"Carcinoma, Endometrioid",1636,D339,339
Psoriasis,1467,D170,170
Tongue Neoplasms,1353,D56,56
Fibrosarcoma,1491,D194,194
Muscular Dystrophies,1637,D340,340
"Leukemia-Lymphoma, Adult T-Cell",1483,D186,186
Huntington Disease,1355,D58,58
Leprosy,1638,D341,341
Aortic Valve Stenosis,1639,D342,342
Liposarcoma,1640,D343,343
Demyelinating Diseases,1641,D344,344
Cryptosporidiosis,1642,D345,345
Meningioma,1453,D156,156
Peripheral Nerve Injuries,1643,D346,346
Rectal Neoplasms,1539,D242,242
Cardiomyopathies,1542,D245,245
Wounds and Injuries,1644,D347,347
Oligodendroglioma,1550,D253,253
Infertility,1451,D154,154
Arbovirus Infections,1645,D348,348
"Colitis, Ulcerative",1428,D131,131
Crohn Disease,1317,D20,20
Hemangiosarcoma,1646,D349,349
"Carcinoma, Merkel Cell",1647,D350,350
"Lymphoma, Extranodal NK-T-Cell",1648,D351,351
Small Cell Lung Carcinoma,1476,D179,179
Aortic Valve Insufficiency,1649,D352,352
Bronchopulmonary Dysplasia,1650,D353,353
Muscular Diseases,1651,D354,354
Neurilemmoma,1652,D355,355
Pain,1653,D356,356
"Lymphoma, T-Cell",1654,D357,357
Keratitis,1655,D358,358
Biliary Atresia,1656,D359,359
Dermatomyositis,1657,D360,360
"Pancreatitis, Acute Necrotizing",1658,D361,361
Granulosa Cell Tumor,1659,D362,362
"Encephalitis Viruses, Japanese",1660,D363,363
Giant Cell Tumor of Bone,1661,D364,364
Pneumonia,1662,D365,365
Hirschsprung Disease,1432,D135,135
"Anemia, Aplastic",1663,D366,366
Enterovirus Infections,1664,D367,367
"Leukemia, Lymphoid",1416,D119,119
Myocardial Ischemia,1665,D368,368
"Scleroderma, Systemic",1666,D369,369
Metabolic Diseases,1667,D370,370
Mitochondrial Diseases,1668,D371,371
"Rhinitis, Allergic",1669,D372,372
"Thyroid Carcinoma, Anaplastic",1538,D241,241
"Diabetes, Gestational",1670,D373,373
Growth Hormone-Secreting Pituitary Adenoma,1541,D244,244
"Glomerulonephritis, IGA",1671,D374,374
Graves Disease,1672,D375,375
"Spondylitis, Ankylosing",1673,D376,376
Arteriosclerosis Obliterans,1674,D377,377
"Angina, Unstable",1675,D378,378
"Myasthenic Syndromes, Congenital",1676,D379,379
"Hepatitis C, Chronic",1677,D380,380
Myxoma,1678,D381,381
Follicular Atresia,1679,D382,382
Down Syndrome,1524,D227,227
Oral Submucous Fibrosis,1680,D383,383
Pregnancy Complications,1681,D384,384
Osteomyelitis,1682,D385,385
Bronchiolitis Obliterans,1683,D386,386
"Aortic Aneurysm, Abdominal",1374,D77,77
Osteoporosis,1684,D387,387
Chondrosarcoma,1349,D52,52
Adrenocortical Carcinoma,1436,D139,139
Iron Metabolism Disorders,1685,D388,388
"Carcinoma, Signet Ring Cell",1686,D389,389
"Dermatitis, Atopic",1687,D390,390
"Liposarcoma, Myxoid",1688,D391,391
"Glomerulosclerosis, Focal Segmental",1689,D392,392
Papillomaviridae,1690,D393,393
"Osteoarthritis, Knee",1691,D394,394
"Diabetes Mellitus, Type 1",1479,D182,182
"Abortion, Spontaneous",1692,D395,395
Polycystic Ovary Syndrome,1314,D17,17
Keloid,1338,D41,41
Bone Diseases,1404,D107,107
Intracranial Aneurysm,1384,D87,87
Cardio-Renal Syndrome,1693,D396,396
Bone Neoplasms,1543,D246,246
Pheochromocytoma,1434,D137,137
Cartilage Diseases,1694,D397,397
"Ectodermal Dysplasia 1, Anhidrotic",1695,D398,398
"Respiratory Distress Syndrome, Adult",1696,D399,399
Legg-Calve-Perthes Disease,1697,D400,400
Diabetic Angiopathies,1698,D401,401
Myocarditis,1699,D402,402
Angiomyolipoma,1700,D403,403
Hyperglycemia,1495,D198,198
"Epilepsy, Temporal Lobe",1325,D28,28
Coronavirus Infections,1701,D404,404
Lymphocytic Choriomeningitis,1702,D405,405
White spot syndrome virus 1,1703,D406,406
Congenital Hypothyroidism,1704,D407,407
Lichen Planus,1705,D408,408
Ocular Motility Disorders,1706,D409,409
Metabolic Syndrome,1504,D207,207
Periodontitis,1392,D95,95
Skin Diseases,1707,D410,410
Mucocutaneous Lymph Node Syndrome,1708,D411,411
Bile Duct Neoplasms,1545,D248,248
Hemangioma,1493,D196,196
Cerebral Hemorrhage,1709,D412,412
"Infertility, Male",1710,D413,413
"Carcinoma, Basal Cell",1361,D64,64
"Kidney Failure, Chronic",1711,D414,414
Pulmonary Embolism,1712,D415,415
Thrombosis,1713,D416,416
Venous Thromboembolism,1714,D417,417
Fatty Liver,1489,D192,192
"Depressive Disorder, Major",1412,D115,115
Diarrhea,1715,D418,418
Waldenstrom Macroglobulinemia,1716,D419,419
Autoimmune Lymphoproliferative Syndrome,1717,D420,420
Fragile X Syndrome,1333,D36,36
"Hypoxia-Ischemia, Brain",1718,D421,421
Cystic Fibrosis,1719,D422,422
Tauopathies,1720,D423,423
Depressive Disorder,1721,D424,424
Graves Ophthalmopathy,1722,D425,425
Hyperaldosteronism,1723,D426,426
Burns,1724,D427,427
Vulvar Neoplasms,1725,D428,428
Periodontal Diseases,1726,D429,429
Peritoneal Fibrosis,1727,D430,430
Seizures,1316,D19,19
"Leukemia, T-Cell",1431,D134,134
Gliosis,1728,D431,431
"Leukemia, Myeloid",1512,D215,215
Emphysema,1729,D432,432
"Telangiectasia, Hereditary Hemorrhagic",1311,D14,14
Nasopharyngeal Carcinoma,1319,D22,22
"Carcinoma, Ovarian Epithelial",1323,D26,26
Esophageal Squamous Cell Carcinoma,1327,D30,30
Adenocarcinoma of Lung,1329,D32,32
"Thyroid Cancer, Papillary",1332,D35,35
"Cardiomyopathy, Dilated",1340,D43,43
"Myositis, Inclusion Body",1343,D46,46
Eosinophilic Esophagitis,1345,D48,48
Aging,1350,D53,53
Parotid Neoplasms,1352,D55,55
Depression,1354,D57,57
Mental Disorders,1356,D59,59
Squamous Cell Carcinoma of Head and Neck,1360,D63,63
Carcinoma,1363,D66,66
Prostate,1365,D68,68
Aortic Aneurysm,1375,D78,78
Carotid Stenosis,1378,D81,81
Frailty,1381,D84,84
Primary Myelofibrosis,1387,D90,90
"Neoplasms, Nerve Tissue",1389,D92,92
Neurofibromatoses,1390,D93,93
Neurofibromatosis 1,1391,D94,94
Peripheral Arterial Disease,1393,D96,96
"Neurofibroma, Plexiform",1394,D97,97
"Glaucoma, Open-Angle",1395,D98,98
Prostatic Hyperplasia,1396,D99,99
Silicosis,1400,D103,103
Bipolar Disorder,1406,D109,109
Panic Disorder,1407,D110,110
"Muscular Dystrophy, Facioscapulohumeral",1409,D112,112
DiGeorge Syndrome,1410,D113,113
Mood Disorders,1413,D116,116
Psychotic Disorders,1414,D117,117
Pharyngeal Neoplasms,1420,D123,123
Ataxia Telangiectasia,1421,D124,124
"Heart Septal Defects, Ventricular",1425,D128,128
Neurodevelopmental Disorders,1426,D129,129
Nasal Polyps,1433,D136,136
Adenocarcinoma,1435,D138,138
Beckwith-Wiedemann Syndrome,1437,D140,140
Central Nervous System Diseases,1438,D141,141
Congenital Hyperinsulinism,1441,D144,144
"Neoplasms, Germ Cell and Embryonal",1444,D147,147
Gestational Trophoblastic Disease,1445,D148,148
"Heart Defects, Congenital",1446,D149,149
Hematopoiesis,1447,D150,150
Hydatidiform Mole,1448,D151,151
Hyperhomocysteinemia,1449,D152,152
Hyperprolactinemia,1450,D153,153
Neural Tube Defects,1454,D157,157
Pneumoconiosis,1456,D159,159
Polycythemia Vera,1457,D160,160
Prader-Willi Syndrome,1458,D161,161
Silver-Russell Syndrome,1460,D163,163
Trophoblastic Neoplasms,1461,D164,164
Acquired Immunodeficiency Syndrome,1462,D165,165
"Adenocarcinoma, Follicular",1463,D166,166
"Aortic Aneurysm, Thoracic",1464,D167,167
Asthenozoospermia,1468,D171,171
Cerebrovascular Disorders,1469,D172,172
Ependymoma,1471,D174,174
Lemierre Syndrome,1473,D176,176
"Thyroiditis, Autoimmune",1477,D180,180
Sjogren's Syndrome,1478,D181,181
"Carcinoma, Mucoepidermoid",1480,D183,183
"Leukemia, Monocytic, Acute",1484,D187,187
Congenital Microtia,1486,D189,189
"Sarcoma, Endometrial Stromal",1488,D191,191
Fibroma,1490,D193,193
Flavivirus Infections,1492,D195,195
HIV,1494,D197,197
Klatskin Tumor,1496,D199,199
Lymphatic Metastasis,1497,D200,200
"Vitreoretinopathy, Proliferative",1499,D202,202
Uterine Neoplasms,1502,D205,205
Heroin Dependence,1503,D206,206
"Carcinoma, Islet Cell",1506,D209,209
"Purpura, Thrombotic Thrombocytopenic",1507,D210,210
Substance-Related Disorders,1509,D212,212
"Leukemia, Megakaryoblastic, Acute",1511,D214,214
Myopia,1513,D216,216
Syndrome,1514,D217,217
Dengue,1516,D219,219
Frontotemporal Dementia,1517,D220,220
"Multiple Sclerosis, Relapsing-Remitting",1519,D222,222
Neoplasm Metastasis,1520,D223,223
Angelman Syndrome,1523,D226,226
Tumor Suppressor Protein p53,1526,D229,229
Narcolepsy,1527,D230,230
Glucose Metabolism Disorders,1528,D231,231
Cleft Lip,1530,D233,233
Plasmacytoma,1531,D234,234
Leishmaniasis,1532,D235,235
Pancreatic Intraductal Neoplasms,1535,D238,238
"Lymphoma, Large-Cell, Immunoblastic",1536,D239,239
"Leukemia, Myelomonocytic, Chronic",1540,D243,243
Parathyroid Neoplasms,1544,D247,247
"Rhabdomyosarcoma, Embryonal",1546,D249,249
"Lymphoma, Large-Cell, Anaplastic",1547,D250,250
Teratocarcinoma,1548,D251,251
