﻿Name,Number,Label
21A,0,L1
91H,1,L2
AATBC,2,L3
AB019562,443,L444
AB073614,444,L445
AB209630,445,L446
ABHD11-AS1,3,L4
AC003681.1,5,L6
AC004528.1,6,L7
AC005696.4,7,L8
AC007388.1,8,L9
AC007743.1,9,L10
AC008392.1,10,L11
AC008691.1,11,L12
AC022075.3,12,L13
AC022257.1,13,L14
AC023590.1,14,L15
AC025263.1,15,L16
AC025580.1,16,L17
AC025580.3,17,L18
AC026904.1,446,L447
AC037441.1,18,L19
AC062028.1,19,L20
AC068282.1,20,L21
AC087521.1,21,L22
AC090510.3,22,L23
AC091891.2,23,L24
AC092802.1,24,L25
AC100786.1,25,L26
AC104809.1,26,L27
AC109322.1,27,L28
AC125807.2,28,L29
AC138128.1,447,L448
AC139887.2,29,L30
AC144450.1,30,L31
AC245452.1,31,L32
ACTN4,448,L449
ADAMTS9-AS1,32,L33
ADAMTS9-AS2,33,L34
ADARB2-AS1,34,L35
ADPGK-AS1,449,L450
AFAP1-AS1,35,L36
AGAP2-AS1,36,L37
AIRN,37,L38
AK001058,451,L452
AK001796,452,L453
AK023948,453,L454
AK027294,454,L455
AL022322.2,38,L39
AL031123.2,39,L40
AL031595.2,40,L41
AL031710.1,41,L42
AL121895.1,42,L43
AL139011.1,43,L44
AL162457.1,44,L45
AL357033.4,45,L46
AL358334.2,46,L47
AL359062,455,L456
AL590666.3,47,L48
AL627422.2,48,L49
ANCR,456,L457
ANRASSF1,457,L458
ANRIL,458,L459
AOC4P,49,L50
AP002380.1,50,L51
APTR,51,L52
ARAP1-AS1,460,L461
ASAP1-IT1,52,L53
ASB16-AS1,461,L462
ASBEL,462,L463
ATB,53,L54
ATP6V1G2-DDX39B,54,L55
AWPPH,463,L464
Abhd11os,4,L5
B3GALT5-AS1,464,L465
BAALC-AS1,55,L56
BACE1-AS,56,L57
BAIAP2-AS1,57,L58
BALR-2,58,L59
BANCR,59,L60
BC029135,465,L466
BC032469,466,L467
BC040587,467,L468
BC200,468,L469
BCAR4,60,L61
BCYRN1,61,L62
BDNF-AS,62,L63
BLACAT1,63,L64
BLACAT2,469,L470
BM742401,470,L471
BOK-AS1,64,L65
BOKAS,471,L472
BORG,472,L473
BRE-AS1,473,L474
BX357664,474,L475
C14orf132,65,L66
C21orf62-AS1,66,L67
C5orf66-AS1,67,L68
CACNA1G-AS1,475,L476
CACS15,476,L477
CADM1-AS1,477,L478
CADM3-AS1,68,L69
CAHM,69,L70
CALML3-AS1,478,L479
CAR10,479,L480
CARLo-5,480,L481
CASC11,70,L71
CASC15,71,L72
CASC19,481,L482
CASC2,72,L73
CASC21,482,L483
CASC2c,73,L74
CASC7,483,L484
CASC8,74,L75
CASC9,75,L76
CAT104,76,L77
CBR3-AS1,77,L78
CCAL,78,L79
CCAT1,79,L80
CCAT2,80,L81
CCDC144NL-AS1,81,L82
CCDC26,82,L83
CCEPR,83,L84
CCHE1,484,L485
CCND1,84,L85
CCND2-AS1,85,L86
CDKN2B,86,L87
CDKN2B-AS1,485,L486
CDKN2BAS,87,L88
CEBPA-AS1,88,L89
CERNA2,89,L90
CFLAR-AS1,90,L91
CHIAP2,486,L487
CHRF,91,L92
CLMAT3,92,L93
CPS1-IT1,93,L94
CRNDE,94,L95
CRYBG3,487,L488
CTBP1-AS,95,L96
CTC-276P9.1,488,L489
CTD-2574D22.4,96,L97
CUDR,489,L490
CYTOR,97,L98
DANCR,98,L99
DAOA-AS1,99,L100
DARS-AS1,490,L491
DBET,100,L101
DBH-AS1,101,L102
DCST1-AS1,491,L492
DCTN1-AS1,102,L103
DDX11-AS1,492,L493
DGCR5,103,L104
DILC,493,L494
DISC1,104,L105
DISC2,105,L106
DLEU1,106,L107
DLEU2,107,L108
DLG1-AS1,108,L109
DLX6-AS1,109,L110
DNM3OS,110,L111
DPP10-AS1,111,L112
DQ786243,494,L495
DRAIC,112,L113
DSCAM-AS1,113,L114
DUXAP10,114,L115
DUXAP8,115,L116
EGFR-AS1,116,L117
EGOB,118,L119
EGOT,119,L120
EIF3J-AS1,496,L497
ELF3-AS1,497,L498
EMX2OS,120,L121
ENST00000434223,498,L499
ENST00000457799,499,L500
ENST00000537266,121,L122
ENTPD1-AS1,122,L123
EPB41L4A-AS2,123,L124
EPEL,500,L501
EPIC1,501,L502
ERVH48-1,124,L125
ESCCAL-5,125,L126
EWSAT1,126,L127
EZR-AS1,503,L504
EgoA,117,L118
Erbb4-IR,502,L503
FAL1,504,L505
FALEC,127,L128
FAM201A,505,L506
FAM215A,128,L129
FAM3D-AS1,129,L130
FAM83A-AS1,506,L507
FAM83H-AS1,130,L131
FAS-AS1,131,L132
FBXL19-AS1,132,L133
FENDRR,133,L134
FER1L4,134,L135
FEZF1-AS1,135,L136
FGD5-AS1,507,L508
FGF10-AS1,136,L137
FGFR3-AS1,137,L138
FLJ33360,508,L509
FLVCR1-AS1,509,L510
FMR1-AS1,138,L139
FMR5,139,L140
FMR6,140,L141
FOXC2-AS1,141,L142
FOXCUT,142,L143
FOXD2-AS1,143,L144
FOXD3-AS1,144,L145
FOXF1-AS1,510,L511
FOXP4-AS1,511,L512
FR0348383,145,L146
FTH1P3,146,L147
FTX,147,L148
GABPB1-AS1,148,L149
GACAT1,512,L513
GACAT2,149,L150
GACAT3,150,L151
GAPLINC,151,L152
GAS5,152,L153
GAS5-AS1,153,L154
GAS5-family,154,L155
GAS6-AS1,513,L514
GAS6-AS2,514,L515
GAS8-AS1,155,L156
GASL1,515,L516
GATA6-AS,516,L517
GATA6-AS1,156,L157
GCRL1,517,L518
GClnc1,157,L158
GFRA1,158,L159
GHET1,159,L160
GIHCG,518,L519
GLIS3-AS1,519,L520
GMAN,520,L521
GNAS-AS1,160,L161
GPC3-AS1,521,L522
GPR65,161,L162
H19,163,L164
HAGLR,164,L165
HAGLROS,165,L166
HAND2-AS1,166,L167
HANR,522,L523
HAR1,167,L168
HAR1A,168,L169
HAR1B,169,L170
HAS2-AS1,170,L171
HCG11,171,L172
HCG18,523,L524
HCG22,524,L525
HCP5,172,L173
HEIH,173,L174
HIF1A-AS1,174,L175
HIF1A-AS2,175,L176
HIF2PUT,525,L526
HIT000218960,526,L527
HLA-AS1,176,L177
HLA-F-AS1,527,L528
HMLINCRNA717,528,L529
HMMR-AS1,529,L530
HNF1A-AS,530,L531
HNF1A-AS1,177,L178
HOST2,531,L532
HOTAIR,178,L179
HOTAIRM1,179,L180
HOTTIP,180,L181
HOXA,532,L533
HOXA-AS2,181,L182
HOXA-AS3,182,L183
HOXA10-AS,533,L534
HOXA11,183,L184
HOXA11-AS,184,L185
HOXA13,185,L186
HOXB-AS1,535,L536
HOXB-AS3,186,L187
HOXB13-AS1,534,L535
HOXC-AS3,537,L538
HOXC13-AS,536,L537
HOXD-AS1,538,L539
HTT-AS,187,L188
HULC,188,L189
IFNG-AS1,189,L190
IGF2-AS,539,L540
IGF2AS,190,L191
IGF2BP2-AS1,191,L192
IGFBP7-AS1,192,L193
IGFL2-AS1,540,L541
ILF3-AS1,193,L194
INHBA-AS1,194,L195
INXS,541,L542
IPW,235,L236
IRAIN,236,L237
ITGB1,237,L238
ITGB2-AS1,542,L543
IUR,543,L544
JPX,544,L545
KCNK15-AS1,238,L239
KCNQ1DN,239,L240
KCNQ1OT1,240,L241
KIAA0087,241,L242
KIAA0125,545,L546
KMT2E-AS1,242,L243
KRT19P3,546,L547
KRT7-AS,547,L548
KRTAP5-AS1,243,L244
KTN1-AS1,548,L549
LBCS,549,L550
LBX2-AS1,245,L246
LCAL6,550,L551
LEF1-AS1,246,L247
LEIGC,247,L248
LET,248,L249
LIFR-AS1,551,L552
LINC-ITGB1,249,L250
LINC-NeD125,621,L622
LINC-OIP5,622,L623
LINC-PINT,623,L624
LINC-POU3F3,624,L625
LINC-ROR,250,L251
LINC-UBC1,625,L626
LINC-UFC1,626,L627
LINC00037,552,L553
LINC00052,251,L252
LINC00114,553,L554
LINC00115,252,L253
LINC00152,442,L443
LINC00160,554,L555
LINC00161,555,L556
LINC00173,253,L254
LINC00174,556,L557
LINC00176,254,L255
LINC00210,255,L256
LINC00221,557,L558
LINC00261,256,L257
LINC00265,558,L559
LINC00271,257,L258
LINC00277,559,L560
LINC00312,258,L259
LINC003121,560,L561
LINC00313,561,L562
LINC00319,562,L563
LINC00324,563,L564
LINC00336,259,L260
LINC00337,564,L565
LINC00339,260,L261
LINC00341,565,L566
LINC00346,261,L262
LINC00355,566,L567
LINC00365,567,L568
LINC00441,568,L569
LINC00460,262,L263
LINC00461,263,L264
LINC00462,569,L570
LINC00467,264,L265
LINC00470,570,L571
LINC00472,265,L266
LINC00473,266,L267
LINC00483,571,L572
LINC00504,572,L573
LINC00511,267,L268
LINC00515,573,L574
LINC00518,574,L575
LINC00520,575,L576
LINC00525,576,L577
LINC00538,268,L269
LINC00565,577,L578
LINC00572,269,L270
LINC00598,270,L271
LINC00612,578,L579
LINC00628,271,L272
LINC00629,579,L580
LINC00641,580,L581
LINC00657,581,L582
LINC00662,582,L583
LINC00663,583,L584
LINC00665,584,L585
LINC00667,585,L586
LINC00668,272,L273
LINC00673,273,L274
LINC00675,274,L275
LINC00689,275,L276
LINC00704,586,L587
LINC00707,276,L277
LINC00850,277,L278
LINC00857,587,L588
LINC00858,278,L279
LINC0086,279,L280
LINC00882,280,L281
LINC00887,281,L282
LINC00899,588,L589
LINC00901,282,L283
LINC00908,589,L590
LINC00926,283,L284
LINC00941,284,L285
LINC00958,590,L591
LINC00959,591,L592
LINC00961,592,L593
LINC00963,285,L286
LINC00968,593,L594
LINC00969,594,L595
LINC00973,595,L596
LINC00974,596,L597
LINC00978,597,L598
LINC00982,286,L287
LINC00994,598,L599
LINC01006,599,L600
LINC01013,287,L288
LINC01018,288,L289
LINC01061,600,L601
LINC01082,601,L602
LINC01088,602,L603
LINC01089,289,L290
LINC01093,603,L604
LINC01104,290,L291
LINC01116,291,L292
LINC01125,604,L605
LINC01133,292,L293
LINC01138,293,L294
LINC01139,294,L295
LINC01140,605,L606
LINC01158,295,L296
LINC01186,296,L297
LINC01194,606,L607
LINC01207,607,L608
LINC01225,297,L298
LINC01234,298,L299
LINC01262,299,L300
LINC01287,608,L609
LINC01296,300,L301
LINC01314,609,L610
LINC01315,301,L302
LINC01354,610,L611
LINC01410,611,L612
LINC01419,302,L303
LINC01420,612,L613
LINC01426,303,L304
LINC01433,613,L614
LINC01436,614,L615
LINC01503,304,L305
LINC01510,615,L616
LINC01561,616,L617
LINC01614,617,L618
LINC01616,305,L306
LINC01638,618,L619
LINC01772,306,L307
LINC01852,307,L308
LINC01857,619,L620
LINC02041,308,L309
LINC02042,309,L310
LINC02418,620,L621
LINC02424,310,L311
LINCRNA-p21,311,L312
LINK-A,627,L628
LINP1,314,L315
LL22NC03-N64E9.1,628,L629
LMCD1-AS1,629,L630
LOC100130476,331,L332
LOC100507661,332,L333
LOC109207222,333,L334
LOC146880,656,L657
LOC283070,657,L658
LOC284454,658,L659
LOC285194,659,L660
LOC285758,660,L661
LOC344887,334,L335
LOC389332,661,L662
LOC440905,335,L336
LOC441178,662,L663
LOC553103,336,L337
LOC554202,337,L338
LOC730101,338,L339
LOXL1-AS1,663,L664
LRRC2-AS1,339,L340
LRRC75A-AS1,340,L341
LSINCT1,341,L342
LSINCT10,342,L343
LSINCT11,343,L344
LSINCT12,344,L345
LSINCT2,345,L346
LSINCT3,346,L347
LSINCT4,347,L348
LSINCT5,664,L665
LSINCT6,348,L349
LSINCT7,349,L350
LSINCT8,350,L351
LSINCT9,351,L352
LUADT1,352,L353
LUCAT1,353,L354
LUNAR1,354,L355
LincRNAFEZF1-AS1,313,L314
LncRNA ROR,322,L323
LncRNA-BCAT1,325,L326
LncRNA-LALR1,326,L327
MA-LINC1,668,L669
MACC1-AS1,665,L666
MAFG-AS1,666,L667
MAGI2-AS3,667,L668
MALAT1,355,L356
MALAT2,356,L357
MALINC1,357,L358
MANCR,669,L670
MAPT-AS1,358,L359
MATN1-AS1,670,L671
MBNL1-AS1,671,L672
MCM3AP-AS1,672,L673
MDC1-AS,673,L674
MDC1-AS1,359,L360
MEG3,360,L361
MEG8,674,L675
MESTIT1,362,L363
MFI2,675,L676
MFI2-AS1,676,L677
MIAT,363,L364
MIF-AS1,677,L678
MINCR,364,L365
MIR100HG,365,L366
MIR137HG,678,L679
MIR155HG,366,L367
MIR17HG,367,L368
MIR205HG,680,L681
MIR210HG,368,L369
MIR22HG,369,L370
MIR31HG,370,L371
MIR34AHG,371,L372
MIR4435-2HG,372,L373
MIR4697HG,681,L682
MIR503HG,373,L374
MIR7-3HG,374,L375
MIR7515HG,375,L376
MIR99AHG,376,L377
MLK7-AS1,682,L683
MNX1-AS1,377,L378
MORT,683,L684
MSC-AS1,684,L685
MSR1,378,L379
MSTO2P,685,L686
MT-LIPCAR,379,L380
MT1JP,380,L381
MUC20-OT1,381,L382
MVIH,382,L383
MYCLo-4,686,L687
MYCLo-5,687,L688
MYCLo-6,688,L689
MYCNOS,689,L690
MYCNOS-01,383,L384
MYEF2,384,L385
MYLK-AS1,385,L386
MYOSLID,690,L691
MYU,691,L692
NAG7,693,L694
NAMA,386,L387
NBAT1,387,L388
NBR2,388,L389
NCK1-AS1,694,L695
NCRUPAR,389,L390
NDM29,390,L391
NEAT1,391,L392
NEAT1_2,392,L393
NEF,696,L697
NEXN-AS1,393,L394
NKILA,394,L395
NNT-AS1,395,L396
NONRATT021972,396,L397
NORAD,397,L398
NOS2,398,L399
NPAP1,399,L400
NPTN-IT1,400,L401
NR027113,697,L698
NR2F1-AS1,401,L402
NR2F2-AS1,698,L699
NRIR,402,L403
NRON,403,L404
OECC,699,L700
OGFRP1,700,L701
OIP5-AS1,404,L405
OR3A4,701,L702
OTUD6B-AS1,702,L703
OVCH1-AS1,405,L406
PACERR,406,L407
PAN,407,L408
PANDA,704,L705
PANDAR,408,L409
PAPAS,705,L706
PAR5,706,L707
PARROT,707,L708
PART1,708,L709
PARTICLE,709,L710
PAUPAR,409,L410
PCA3,410,L411
PCAN-R1,710,L711
PCAT-1,411,L412
PCAT1,711,L712
PCAT14,412,L413
PCAT18,712,L713
PCAT19,713,L714
PCAT29,413,L414
PCAT6,414,L415
PCAT7,415,L416
PCBP2-OT1,416,L417
PCED1B-AS1,714,L715
PCGEM1,417,L418
PCNA-AS1,418,L419
PDIA3P,715,L716
PDIA3P1,716,L717
PEG10,419,L420
PGM5-AS1,717,L718
PHBP1,420,L421
PICART1,718,L719
PICSAR,421,L422
PINCR,422,L423
PINK1-AS,423,L424
PLAC2,719,L720
POU3F3,721,L722
PRAL,424,L425
PRINS,425,L426
PRNCR1,426,L427
PROX1-AS1,722,L723
PSMB8-AS1,723,L724
PSMD6-AS1,427,L428
PTAR,724,L725
PTCSC2,428,L429
PTCSC3,429,L430
PTENP1,430,L431
PTPRG-AS1,431,L432
PURPL,725,L726
PVT1,432,L433
PXN-AS1,726,L727
PXN-AS1-L,727,L728
PlncRNA-1,720,L721
RAB11B-AS1,728,L729
RAD51-AS1,729,L730
RAET1K,730,L731
RAMP2-AS1,433,L434
RBM5-AS1,434,L435
RERT,731,L732
RFPL1S,435,L436
RGMB-AS1,732,L733
RHPN1-AS1,733,L734
RMEL3,734,L735
RMRP,436,L437
RMST,437,L438
RN7SK,438,L439
RN7SL1,439,L440
RNCR3,735,L736
RNY1,440,L441
RNY3,441,L442
ROR,736,L737
ROR1-AS1,737,L738
RP1-4514.2,749,L750
RP11,738,L739
RP11-160H22.5,739,L740
RP11-181G12.2,740,L741
RP11-334E6.12,741,L742
RP11-363E7.4,742,L743
RP11-445H22.4,743,L744
RP11-552M11.4,744,L745
RP11-600K15.1,745,L746
RP11-81H3.2,746,L747
RP11-838N2.4,747,L748
RP11-909N17.3,748,L749
RP5-1024C24.1,750,L751
RP5-833A20.1,751,L752
RPL34-AS1,752,L753
RPPH1,753,L754
RPSAP52,754,L755
RUNX1-IT1,755,L756
SAMMSON,756,L757
SATB2-AS1,757,L758
SBDSP1,758,L759
SBF2-AS1,759,L760
SChLAP1,760,L761
SDPR-AS,761,L762
SEMA3B-AS1,762,L763
SFTA1P,763,L764
SLC26A4-AS1,764,L765
SLCO4A1-AS1,765,L766
SMAD5-AS1,767,L768
SNHG1,769,L770
SNHG11,770,L771
SNHG12,771,L772
SNHG14,772,L773
SNHG15,773,L774
SNHG16,774,L775
SNHG17,775,L776
SNHG18,776,L777
SNHG20,777,L778
SNHG3,778,L779
SNHG4,779,L780
SNHG5,780,L781
SNHG6,781,L782
SNHG7,782,L783
SNHG8,783,L784
SNHG9,784,L785
SOX2,786,L787
SOX2-OT,789,L790
SOX21-AS1,787,L788
SOX2OT,788,L789
SOX2OTV7,790,L791
SPINT1-AS1,791,L792
SPRY4-IT1,792,L793
SRA,793,L794
SRA1,794,L795
SRHC,795,L796
SSTR5-AS1,796,L797
ST3GAL6-AS1,797,L798
ST8SIA6-AS1,798,L799
SUMO1P3,799,L800
SUZ12P1,800,L801
SlncR1,766,L767
TALNEC2,801,L802
TATDN1,802,L803
TC0101441,803,L804
TCL6,804,L805
TDRG1,805,L806
THOR,806,L807
TINCR,807,L808
TMPO-AS1,808,L809
TNRC6C-AS1,809,L810
TOB1-AS1,810,L811
TP53TG1,811,L812
TP73-AS1,812,L813
TPT1-AS1,813,L814
TPTE2P1,814,L815
TPTEP1,815,L816
TRERNA,816,L817
TRERNA1,817,L818
TRPM2-AS,818,L819
TSlnc8,819,L820
TTN-AS1,820,L821
TTTY15,821,L822
TUBA4B,822,L823
TUC338,823,L824
TUG1,824,L825
TUSC7,825,L826
TUSC8,826,L827
UCA1,830,L831
UCC,831,L832
UFC1,832,L833
UNC5B-AS1,833,L834
UPAT,834,L835
UPF1,835,L836
VPS9D1-AS1,836,L837
WDFY3-AS2,837,L838
WEE2-AS1,838,L839
WT1-AS,839,L840
X91348,840,L841
XIAP-AS1,841,L842
XIST,842,L843
XLOC_000303,843,L844
XLOC_006390,844,L845
XLOC_008466,845,L846
XLOC_010235,846,L847
XLOC_010588,847,L848
YIYA,848,L849
Z38,849,L850
ZEB1,850,L851
ZEB1-AS1,851,L852
ZEB2-AS1,852,L853
ZFAS1,853,L854
ZFPM2-AS1,854,L855
ZNF281,855,L856
ZNF667-AS1,856,L857
ZNFX1-AS1,857,L858
ZNRD1-AS1,858,L859
ZXF1,859,L860
ZXF2,860,L861
aHIF,450,L451
anti-NOS2A,459,L460
ecCEBPA,495,L496
gtl2-as,162,L163
intergenic lncrna(be008094),195,L196
intergenic lncrna(be155946),196,L197
intergenic lncrna(be702744),197,L198
intergenic lncrna(bf736784),198,L199
intergenic lncrna(bf754591),199,L200
intergenic lncrna(bf918966),200,L201
intergenic lncrna(bf944704),201,L202
intergenic lncrna(bf956245),202,L203
intronic lncrna in arhgap12 locus(be007885),203,L204
intronic lncrna in arrb1 locus(bf944729),204,L205
intronic lncrna in ascc3 locus(aw937483),205,L206
intronic lncrna in atf3 locus(bf875569),206,L207
intronic lncrna in c11orf49 locus(aw846670),207,L208
intronic lncrna in c16orf46 locus(bf364131),208,L209
intronic lncrna in c20orf7 locus(be089575),209,L210
intronic lncrna in ctnnd1 locus(bf919473),210,L211
intronic lncrna in dazap1 locus(bg010309),211,L212
intronic lncrna in dip2b locus(aw852151),212,L213
intronic lncrna in dst locus(aw860958),213,L214
intronic lncrna in enosf1 locus(bf334142),214,L215
intronic lncrna in gldn locus(aw901803),215,L216
intronic lncrna in gphn locus(be160464),216,L217
intronic lncrna in itpr1 locus(bf857841),217,L218
intronic lncrna in lepr locus(ck327186),218,L219
intronic lncrna in maea locus(be168993),219,L220
intronic lncrna in map2k5 locus(bf893298),220,L221
intronic lncrna in mkl1 locus(bf898694),221,L222
intronic lncrna in n4bp2l2 locus(bq316935),222,L223
intronic lncrna in nbpf10 locus(bg004239),223,L224
intronic lncrna in nkain2 locus(be160056),224,L225
intronic lncrna in nop58 locus(aw865910),225,L226
intronic lncrna in nr2c2 locus(be166370),226,L227
intronic lncrna in pask locus(be168353),227,L228
intronic lncrna in ppp4r1 locus(be003587),228,L229
intronic lncrna in sorbs1 locus(bf368581),229,L230
intronic lncrna in stx12 locus(aw820168),230,L231
intronic lncrna in tmem189-ube2v1 locus(be062809),231,L232
intronic lncrna in tnk2 locus(ck327106),232,L233
intronic lncrna in ube2v1 locus(be062809),233,L234
intronic lncrna in usp15 locus(bf894929),234,L235
l1pa16,244,L245
lincRNA-ROR,312,L313
lnc-AL355149.1-1,315,L316
lnc-ATB,632,L633
lnc-DC,316,L317
lnc-DILC,635,L636
lnc-EGFR,317,L318
lnc-HOST2,637,L638
lnc-KCTD6-3,638,L639
lnc-LCE5A-1,318,L319
lnc-OC1,639,L640
lnc-Sox5,319,L320
lnc-THOR,654,L655
lnc-ZNF674-1,320,L321
lnc01614,630,L631
lncAGER,631,L632
lncARSR,321,L322
lncBRM,633,L634
lncCAMTA1,634,L635
lncGPR107,636,L637
lncRNA-422,323,L324
lncRNA-AK058803,641,L642
lncRNA-ATB,324,L325
lncRNA-CIR,642,L643
lncRNA-EBIC,643,L644
lncRNA-HEIH,644,L645
lncRNA-HIT,645,L646
lncRNA-LET,646,L647
lncRNA-MIF,647,L648
lncRNA-MVIH,327,L328
lncRNA-NEF,648,L649
lncRNA-PRAL,650,L651
lncRNA-ROR,328,L329
lncRNA-UCA1,651,L652
lncRNA-URHC,652,L653
lncRNA-p21,649,L650
lncRNA00673,640,L641
lncRNA625,329,L330
lncSox4,653,L654
lncTCF7,330,L331
lncUSMycN,655,L656
mer11c,361,L362
miR143HG,679,L680
n340790,692,L693
ncRAN,695,L696
pancEts-1,703,L704
sONE,785,L786
snaR,768,L769
uc.338,827,L828
uc001lsz,828,L829
uc002mbe.2,829,L830
